:020000040800F2
:10000000400A00209D010008398B0008A521000846
:10001000358B000819080008D9A700080000000067
:1000200000000000000000000000000025A60008FD
:100030004108000800000000F1A4000829A60008FB
:10004000B7010008B7010008B7010008B7010008B0
:10005000B7010008B701000845080008B70100080B
:10006000B7010008B701000869080008B7010008D7
:10007000B7010008B7010008B7010008B701000880
:10008000B7010008B7010008ED070008B701000834
:10009000B7010008B7010008B7010008B701000860
:1000A000B7010008B7010008B7010008B701000850
:1000B000B7010008B7010008B7010008B701000840
:1000C000B7010008B7010008B7010008B701000830
:1000D000B7010008B7010008B7010008B701000820
:1000E000B7010008B7010008B7010008B701000810
:1000F000B7010008B7010008B7010008B701000800
:10010000B7010008B7010008B7010008B7010008EF
:10011000B7010008B7010008B7010008B7010008DF
:100120001D080008B701000829080008B7010008E9
:1001300035080008B7010008B7010008B70100083A
:10014000B7010008B7010008B7010008B7010008AF
:10015000B7010008B7010008B7010008B70100089F
:10016000B7010008B7010008B7010008B70100088F
:10017000B7010008B7010008B7010008000000003F
:10018000B7010008B7010008DFF80CD000F064F9EF
:100190000048004749A80008400A00200648804758
:1001A00006480047FEE7FEE7FEE7FEE7FEE7FEE75C
:1001B000FEE7FEE7FEE7FEE7D5A600088901000896
:1001C0002DE9F05F0546002092469B46884606468C
:1001D000814640241BE0284641464746224600F01F
:1001E000CDF853465A46C01A914110D311461846CD
:1001F000224600F0B4F82D1A67EB01084F4622465C
:100200000120002100F0ABF817EB00094E41201E41
:10021000A4F10104DFDC484631462A464346BDE8E6
:10022000F09F2DE9FE4F81EA030404F0004421F021
:10023000004100944FF0000B23F0004350EA01040A
:100240005ED052EA03045BD0C3F30A54C1F30A55EB
:100250002C44A4F2F3340194A0FB0254C1F3130123
:1002600041F48011C3F3130343F4801301FB0244F0
:1002700000FB034E840A970A44EA815447EA8357F5
:10028000A4FB076802958D0A05FB07854FEA932CAE
:1002900004FB0C542705029D4FEA065847EA16371F
:1002A000B5EB08056EEB070C870E920E47EA811737
:1002B00042EA8312A7FB0201B6EB0B0164EB0004D8
:1002C0002B0D43EA0C335E1844EB1C50DA465146C2
:1002D000E7FB0201C5F313044FEA0B3343EA14535F
:1002E0004FEA0432019C43EA0603A4F10C04029491
:1002F000009CCDE900B400F060F803B0BDE8F08FD9
:1003000000200146F9E7C1F30A5210B5C1F3130109
:1003100040F2FF3341F480119A4201DA002010BD0F
:1003200040F233439A42A2F2334203DC524200F0DD
:1003300025F810BD904010BD00F0004230F00040A4
:100340000AD0C10D01F56071C0F3160042EA0151F7
:10035000C208400711437047002001467047202A19
:1003600004DB203A00FA02F1002070479140C2F10C
:10037000200320FA03F3194390407047202A04DB3E
:10038000203A21FA02F00021704721FA02F3D0400E
:10039000C2F12002914008431946704710B5141E5F
:1003A00073F1000408DA401C41F1000192185B412E
:1003B0001A4301D120F0010010BD2DE9F04D924605
:1003C0009B4611B1B1FA81F202E0B0FA80F220321C
:1003D0009046FFF7C4FF04460F4640EA0A0041EA90
:1003E0000B0153465A46084313D0114653EA010005
:1003F00019D0C8F140025046FFF7C0FF05460E462F
:10040000504659464246FFF7AAFF084305D001204F
:1004100004E020463946BDE8F08D0020054346EA59
:10042000E0762C4337430A986305E40AA0EB080002
:100430000022FD0A44EA47540A3002D50020014652
:10044000E9E7010510196941DDE90845001969412D
:10045000BDE8F04DA2E700001CB50948009009482E
:1004600001900546009C06E0E06840F0010394E836
:10047000070098471034AC42F6D3FFF789FE00001E
:1004800050D3000870D30008B0B540F60004C4F2A1
:100490000204A4F5806528464021012201F016F9E6
:1004A0000A2001F021F828464021002201F00EF92F
:1004B00020464021002201F009F904F58060402126
:1004C000002201F003F920464021012201F0FEF84C
:1004D0004FF4967001F008F820464021002201F008
:1004E000F5F820464FF40061012201F0EFF80020FA
:1004F00000F020F8022000F01DF8002000F01AF8AB
:10050000002000F017F8002000F014F8012000F09F
:1005100011F8002000F00EF8002000F00BF8A720E2
:1005200000F008F8204640210122BDE8B04001F06B
:10053000CDB8000070B540F60044C4F20204054690
:1005400020464021002201F0C1F80A200AF046F9B5
:1005500004F54066EA0930464FF4004101F0B6F870
:1005600020464021012201F0B1F80A200AF036F9B4
:1005700020464021002201F0A9F80A200AF02EF9B5
:10058000C5F3801230464FF4004101F09FF8204639
:100590004021012201F09AF80A200AF01FF92046B2
:1005A0004021002201F092F80A200AF017F9C5F361
:1005B000401230464FF4004101F088F820464021B7
:1005C000012201F083F80A200AF008F920464021B0
:1005D000002201F07BF80A200AF000F9C5F30012AE
:1005E00030464FF4004101F071F8204640210122CD
:1005F00001F06CF80A200AF0F1F8204640210022B0
:1006000001F064F80A200AF0E9F8C5F3C0023046A8
:100610004FF4004101F05AF820464021012201F038
:1006200055F80A200AF0DAF820464021002201F0AD
:100630004DF80A200AF0D2F8C5F3800230464FF494
:10064000004101F043F820464021012201F03EF82C
:100650000A200AF0C3F820464021002201F036F8B3
:100660000A200AF0BBF8C5F3400230464FF40041BF
:1006700001F02CF820464021012201F027F80A2041
:100680000AF0ACF820464021002201F01FF80A20B1
:100690000AF0A4F805F0010230464FF4004101F0E1
:1006A00015F820464021012201F010F80A20BDE88B
:1006B00070400AF093B8000070B540F60004C4F230
:1006C0000204054620464021002200F0FFFF0220E0
:1006D0002E0AFFF72FFF3046FFF72CFFE8B2FFF797
:1006E00029FF20464021012200F0F0FF04F580544C
:1006F00020464021012200F0E9FF0A200AF06EF8AE
:10070000204640210022BDE8704000F0DFBF00001D
:1007100070B540F21800C2F2000090ED001B53ECDF
:10072000102B51EC110BFFF77CFDFFF7ECFD40F6B1
:100730000004C4F202040546060E204640210022B1
:1007400000F0C4FF0420FFF7F5FE3046FFF7F2FE8D
:10075000C5F30740FFF7EEFEC5F30720FFF7EAFEFB
:10076000E8B2FFF7E7FE20464021012200F0AEFF8D
:1007700004F5805420464021012200F0A7FF0A2002
:100780000AF02CF8204640210022BDE8704000F01D
:100790009DBF000070B540F60004C4F20204054697
:1007A00020464021002200F091FF05202E0AFFF78D
:1007B000C1FE3046FFF7BEFEE8B2FFF7BBFE2046A3
:1007C0004021012200F082FF04F5805420464021A0
:1007D000012200F07BFF0A200AF000F820464021A9
:1007E0000022BDE8704000F071BF000080B540F20B
:1007F000AC30C2F2000000F085F940F2F430C2F2F1
:10080000000000F07FF940F23C40C2F20000BDE879
:10081000804000F077B90000FEE7000040F244504D
:10082000C2F2000000F0CEBC40F2E440C2F2000090
:1008300000F0C8BC40F28440C2F2000000F0C2BC2C
:100840007047000043F61440C4F201000168C90774
:1008500006D00121016040F23A00C2F200000170AE
:10086000012000F057BE000043F61440C4F201001E
:100870000168C90658BF70471021016040F2390075
:10088000C2F20000012101707047000072B600BF83
:10089000FEE70000B3F5804F03461DD1B0B553F815
:1008A00022C00020CCF6F0700CEA000E91E8310076
:1008B000D1F818C040EA0E0040EA0410C96840EAC6
:1008C000052040EA0C0040EA0141BDE8B0400020AC
:1008D00043F82210704700BF6FF07041002043F8CA
:1008E000221070472DE9F04F83B00B68024650F894
:1008F000230001F1240B20F0010042F82300D1E98C
:1009000002C0D1E900E301908869D1E9049A02901C
:10091000C86BD1E9077600909BE83008D1F83080A9
:1009200052F82E008021CFF6F0710840BCF1080F7C
:1009300008BF43F040030199194341EA090141EA24
:100940000A01394331432143294341EA0B01029B08
:1009500041EA08011943009B1943084340EA0C018E
:10096000002042F82E1003B0BDE8F08F70B5D1E939
:1009700000C3D1E902E44CEA031343EA0E23D1E9B0
:10098000045643EA04430024CFF6F074896904EB6B
:1009900005552B43FE36194341EA066100EB8202FE
:1009A0000020516070BD00007047000070B581B03C
:1009B0000022009290F83C20012A03D1022108462F
:1009C00001B070BD0E6801220A2E80F83C2009D3C8
:1009D000B2B25200D0F800E012FA86F21E3A0EF1DE
:1009E0000C0305E0D0F800E006EB46020EF1100320
:1009F0004FF0070C1D680CFA02F4A5431D608D68CA
:100A00001C6805FA02F222431A60496806290FD8C9
:100A100001EB81014A1F71461F2351F8345F934057
:100A200025EA03030B60B3B203FA02F214E000BF3D
:100A300001EB81030C29B2B204D8714651F8304F52
:100A4000233B03E0714651F82C4F413B1F259D404D
:100A500024EA05059A400D600B6842F2043CC4F29A
:100A6000010C1A43ACF541739E450A603BD1122E2E
:100A700006D1DCF8001041F48001CCF8001032E01F
:100A800026F0010110292ED1DCF80010102E41F4BF
:100A90000001CCF8001026D140F21001C2F2000192
:100AA00009684DF68362C4F21B32A1FB0212910C5D
:100AB00001EB8101490000910099A1B10099013930
:100AC0000091009979B1009901390091009951B1D3
:100AD000009901390091009929B1009901390091DB
:100AE00000990029EAD1002180F83C10084601B0A5
:100AF00070BD000070470000704700000068C06CC7
:100B00007047000070B50446006806684568B10784
:100B100017D515F0200114D0216CC90603D4216C1F
:100B200041F400712164816811F0405F02D1217E9F
:100B3000002969D02046FFF7DDFF20686FF0120121
:100B40000160710714D515F0800111D0216CC90620
:100B500003D4216C41F400512164816811F4401FD9
:100B600022D02046FFF720FF20686FF00C010160C3
:100B7000F10706D015F040011CBF01685FEAC171A2
:100B800034D1B1060FD515F0806108BF70BD616C1E
:100B90006FF0200541F00201616405602046FFF717
:100BA000ABFF2068056070BD816B11F4401F02D05F
:100BB00081684905D5D441684905D2D4816811F0CE
:100BC000405FCED1217E0029CBD1416821F0800148
:100BD0004160206C20F480502064206CC005C0D49B
:100BE000206C40F001002064BBE700BF206C40F4A3
:100BF00080302064204600F0D1F820686FF00101B9
:100C00000160B106BFD4CEE7C16A11F4700F03D002
:100C1000816849053FF58EAF416821F020014160B0
:100C2000206C20F480702064206CC0043FF582AFFB
:100C3000206C40F0010020647CE70000002804BF25
:100C40000120704710B50446006C00283ED0206C8F
:100C5000C00645D4206C41F202118843023042F2B2
:100C600004312064C4F20101086820F440300860B7
:100C70000A6894E809101A43D4F810E00A60416841
:100C8000012321F4807141604168C0F6007341EA9C
:100C90000E214160416821F040714160416841EAA4
:100CA0000C014160816821F400618160E168826823
:100CB00011438160A16A8268994222F07062826069
:100CC000826813D122F0405119E000BF204600F0A5
:100CD00067F80020606484F83C00206CC006B9D539
:100CE0000120002184F83C1010BD00BF1143816039
:100CF000816821F040518160E16A8268114381601E
:100D0000816821F0020181608168227E94F82030A0
:100D100041EA42018160416883B141F40061416070
:100D200041684EF2000221F460414160616ACFF6F1
:100D3000FF72436802EB4131194301E021F4006185
:100D40004160C16A40F2000C21F47001C162E269A5
:100D50006169CFF6F07CC36A0CEB02521A43C2629F
:100D6000826822F40072826094F83020836843EA3B
:100D700042228260826822F480628260826842EA53
:100D80008121816000206064216C012262F30101F5
:100D90002164002184F83C1010BD00007047000061
:100DA00070B586B00446006842F20021C4F2010129
:100DB00000268842CDE90466CDE9026601964DD051
:100DC00042F20011C4F20101884277D042F20001E0
:100DD000C4F20101884240F0C48043F6300000961E
:100DE000C4F20200416941F480714161416901F43A
:100DF0008071009100990096016841F00101016045
:100E0000006801A900F00100009000980420019002
:100E10000320CDE902060020C4F2020000F086FBA8
:100E200046F21040C4F2020040F284456030C2F243
:100E300000054FF48061C5E9000605F110004FF48C
:100E400000624FF400534FF4807C80E80E104FF4A2
:100E50000030C5E90266C5E9080671E043F63000D6
:100E60000096C4F20200416941F480614161416928
:100E700001F48061009100990096016841F0200121
:100E80000160006801A900F0200000900098C020D7
:100E900001900320CDE902060020C4F2020000F513
:100EA000A05000F043FB40F2445546F21040C2F21D
:100EB0000005C4F202004FF080612DE043F63000DF
:100EC0000096C4F20200416941F400714161416938
:100ED00001F40071009100990096016841F0010150
:100EE0000160006801A900F001000090009808204E
:100EF00001900320CDE902060020C4F2020000F0B8
:100F000015FB46F21040C4F2020040F2E4453030D6
:100F1000C2F200054FF000714FF480624FF400639D
:100F20004FF4005C4FF4807E28606960AE60EE6034
:100F30002A616B61C5F818C0C5F81CE02E626E62AC
:100F4000284600F01FFA002818BFFFF79FFC122068
:100F500000210022A563AC6300F040FC122000F0E9
:100F60002BFC06B070BD000070B5044600680D464D
:100F70008268520544BF80685FEAC05038D400F0F0
:100F8000ABFB21680A68920749D40646681C3CD02E
:100F9000DDB90868800721D5086880073FD4086854
:100FA00080071BD50868800739D40868800715D5E5
:100FB0000868800733D4086880070FD50868800761
:100FC000E7D52CE00868800729D400F085FB801B5A
:100FD0002168A842F6D908688007F3D4206C40F055
:100FE00004002064002084F83C00032070BD00BF92
:100FF000206C40F020002064002084F83C00012098
:1010000070BD00BF0868800709D40868800706D44F
:10101000086880075CBF08685FEA8070F2D56FF0EF
:1010200012000860206C40F400702064886810F0A2
:10103000405F01D0002070BD207E0028FAD1C86A30
:1010400010F4700F02D088684005F3D4206C20F4AF
:1010500080702064206CC004ECD4206C40F001004F
:101060002064002070BD000010B581B00021009107
:1010700090F83C10012903D1022001B010BD00BF3F
:101080000468012180F83C10214651F8083FDB0735
:1010900029D10B684DF6836243F001030B6040F2E7
:1010A0001003C2F200031B68C4F21B32A3FB02232D
:1010B0009A0C02EB42020092009AA2B1009A013A05
:1010C0000092009A7AB1009A013A0092009A52B1C5
:1010D000009A013A0092009A2AB1009A013A0092CD
:1010E000009A002AEAD10A68036CD2070CD143F0B7
:1010F0001001016400F1440101200A6810430860F6
:10110000002001B010BD00BF40F2017223EA0202CC
:1011100002F5807202646268520504D5026C0123F4
:1011200063F30D320264026C4FF0000E0023D20410
:1011300044BF426C22F0060342F2043C436480F850
:101140003CE06FF02200C4F2010C2060DCF80000EB
:10115000C0060DD0ACF5417084422BD14FF604503F
:10116000CFF6FF705CF8000010F0405F22D125E060
:1011700042F20000C4F20100844217D042F2002083
:10118000C4F2010084420DD042F20010C4F201000A
:1011900084420FD1DCF80000C00607D0ACF58270A5
:1011A000844207D1DCF80000C00603D4086810F0C0
:1011B000405F03D0002001B010BD00BF4FF0804061
:1011C0009BE70000F0B581B004460020009040F29B
:1011D0001000C2F200000268D4E9166048F2B513AC
:1011E00037680821C1F64E3381403942A2FB0325FE
:1011F0000CD0226813685B0708D5136823F004033A
:101200001360B160616D41F00101616501218140B0
:10121000394208D022685269120604D5B160616D66
:1012200041F00201616504218140394208D0226801
:101230001268920704D5B160616D41F004016165E7
:1012400010218140394217D020680268120713D557
:10125000B16002680168520308D4C90508D4016866
:1012600021F008010160216C21B905E008033FD499
:10127000216C09B120468847E16D202000FA01F277
:101280003A4241D020680368DB063DD5B26094F84D
:1012900035300268052B1BD122F01602026042692C
:1012A00022F080024261226C0AB9A26C1AB1026873
:1012B00022F0080202603F208840B060012084F8DC
:1012C0003500216D0020002984F8340052D157E008
:1012D0000168520310D4C90512D4016821F010012D
:1012E0000160012084F83500002084F8340007E014
:1012F000A16C0029BED1BFE7080301D4616C00E0F6
:10130000E16B09B120468847606DC8B3606DC007C6
:101310002ED0052084F835002068A90A026822F042
:1013200001020260009A01328A4200921AD80268D1
:10133000D20717D0009A01328A42009212D802686E
:10134000D2070FD0009A01328A4200920AD802686E
:10135000D20707D0009A01328A42009202D802686E
:10136000D207DFD1012084F83500002084F8340052
:10137000E16C29B1204601B0BDE8F040084700BF4C
:1013800001B0F0BD2DE9F041044600F0A5F9ECB143
:101390000546022084F835000020216884F83400D6
:1013A000086820F00100086021680868C00711D0B3
:1013B00000F092F9401B0528F6D9032520230320CD
:1013C000636584F83550BDE8F08100BF0120BDE8B9
:1013D000F08100BF086848F23F02CFF21002D4E962
:1013E000013500EA020C04F10C0898E8C10143EA57
:1013F0000C032B431843D4E9072E304338431043E2
:10140000626A40EA0E00042A40EA08031CD1206BFD
:10141000D4E90A2E40EA0E00184308604869BEF17C
:10142000000F20F0030040EA020040F0040C11D04D
:10143000B8F5005F36D0B8F1000F45D1022A46D08A
:10144000012A3BD032B942E00B60486920F0070026
:1014500040EA020C01F0F8004AF6AB221038CAF656
:10146000AA22A0FB02231A094DF2D423C1F814C00A
:10147000C0F600039A5C40F2FF335F284FF03F0054
:1014800021EA030100FA02F088BF0431C4E9161210
:101490008860002301250020636584F83550BDE88D
:1014A000F08100BF032AD5D8012540230120DFE8C1
:1014B00002F0030E030500BF82E700BFAEF1C0706B
:1014C000B0FA80F0400904E0032A04D3C2D1CEF37D
:1014D00000600028BED0012540230120636584F808
:1014E0003550BDE8F0810000B0B5044600F0F4F8D6
:1014F000054640F20400C2F200000078611C18BFEB
:10150000044400BF00F0E8F8401BA042FAD3B0BD8D
:101510007047000043F61441C4F201010A68024218
:1015200014BF08607047FFF7F3BF00002DE9F04FCC
:1015300082B000F13E4707F1FF77860546EA97271C
:1015400041F60046C4F20206082243F6004EB042BD
:1015500008BF0722C4F2010E072F38BF3A46002603
:1015600000274FF00008009209E000BF08F10108D1
:101570000237B8F1100F06F1040600F0A3800D68E1
:10158000012202FA08F415EA0409EFD0D1F804B0F8
:1015900003220BF0030CACF10105BA40012D6FEAF8
:1015A000020A0FD88268CD6802EA0A02BD402A43C7
:1015B00082604268A243CBF3001404FA08F4224389
:1015C000426005E0BCF1030F02D14FF0030C1EE0B6
:1015D000C2688C6802EA0A02BC402243BCF1020FD6
:1015E000C26014D16FF0030202EA58020244D2F83A
:1015F00020C006F01C040F230D69A3402CEA03034E
:10160000A5402B431362D1F804B00BF0030C026821
:101610000CFA07F302EA0A021A431BF4403F026085
:10162000A4D0002243F644030192C4F202031A68D4
:101630004FF6084C42F480421A601A68CFF6FF7CDD
:1016400002F480420192019A28F00302724452F897
:101650000C3006F00C050F24AC40A343009C04FAA8
:1016600005F52B4342F80C30DEF808204B6842EABF
:10167000090543F60C4CDC0258BF22EA0905CEF8F6
:101680000850C4F2010CDCF800209C0242EA090573
:1016900058BF22EA0905CCF80050DEF804209C036C
:1016A00042EA090558BF22EA0905CEF80450DEF8DF
:1016B0000020DB0342EA090558BF22EA0905CEF8FB
:1016C000005053E702B0BDE8F08F0000002A08BFC9
:1016D000090481617047000040F23C60C2F20000E2
:1016E0000068704740F2040040F23C61C2F2000022
:1016F000C2F2000100780A681044086070470000D8
:1017000080B543F60040C4F20200016841F4007164
:101710000160016841F480610160016841F48071F9
:101720000160032000F086F80F2000F005F800F0BB
:1017300027F8002080BD000070B540F20406C2F218
:10174000000640F210013278C2F200014FF47A73C1
:101750000968B3FBF2F20446B1FBF2F1084600F06F
:10176000E9FB0F2C4FF0010508D838B94FF0FF30D6
:1017700021460022002500F031F87460284670BD33
:1017800082B0002043F640010190C4F202014A6891
:1017900042F480424A604A6802F480420192019A0F
:1017A0000090086840F080500860086800F08050A1
:1017B0000090009802B07047002848BF704700F0C2
:1017C0001F01012202FA01F11C2202EAD0004EF2AE
:1017D0000012CEF2000281507047000010B54EF6A4
:1017E0000C5CCEF2000CDCF80030C3F3022E8EF05D
:1017F0000704042C28BF0424BEF103034FF0FF3E6E
:101800000EFA04F438BF0023A14399400EFA03F303
:101810009A43114300F00F0200F160430901043ABA
:1018200003F564436244002848BF02F10C031970B9
:1018300010BD00004EF60C51CEF200010A684FF6C2
:10184000FF031A4060F30A2242F0806040F0FD700E
:1018500008607047002804BF012070472DE9F0415F
:1018600043F60808C4F202080446D8F8F8030D4607
:1018700000F00700884207D288F8F853D8F8F80338
:1018800000F00700A84277D12068810717D54107EB
:1018900005D5D8F8001041F4E051C8F80010010750
:1018A00005D5D8F8001041F46041C8F80010D8F808
:1018B0000010A26821F0F0011143C8F80010C00721
:1018C00040D1D8F8F80300F00700A84207D988F8FB
:1018D000F853D8F8F80300F00700A8424CD120686C
:1018E000410707D5D8F80010E26821F4E051114310
:1018F000C8F80010000708D5D8F80000216920F4C6
:10190000604040EAC100C8F8000000F07DF8D8F857
:1019100000104BF6F622C1F30311C0F60002515C31
:1019200040F2100220FA01F140F20800C2F2000079
:101930000068C2F200021160FFF7FEFE0020BDE861
:10194000F08100BF6068811E022907D258F8081C88
:1019500089015CBF0120BDE8F08111E0012807D1B9
:1019600058F8081C89035CBF0120BDE8F08107E03E
:1019700058F8081C890703D40120BDE8F08100BF96
:10198000D8F8001021F003010843C8F80000FFF761
:10199000A3FE064641F28837D8F80000616800F0DF
:1019A0000C00B0EB810F8CD0FFF796FE801BB84285
:1019B000F2D90320BDE8F08140F2100043F608019F
:1019C000C2F20000C4F20201006809684BF6063258
:1019D000C1F38221C0F60002515CC840704700008C
:1019E00040F2100043F60801C2F20000C4F2020106
:1019F000006809684BF60632C1F34231C0F60002B6
:101A0000515CC8407047000010B543F60404C4F2AE
:101A10000204606800F00C0142F200400829C0F2A4
:101A2000F40007D0042918BF10BD41F20020C0F215
:101A30007A0010BD216801F03F0221682368490245
:101A4000C3F3881106D4A1FB00010023FEF7B8FB05
:101A500007E000BF41F20020C0F27A004843B0FB2B
:101A6000F2F021680222C1F3014102EB4101B0FB17
:101A7000F1F010BD002804BF012070472DE9F041AE
:101A800082B00446007843F60006C007C4F202069E
:101A90000CD0B06800F00C00042840F08180306861
:101AA000800303D56068002800F06A8120788007F1
:101AB0001BD5B06810F00C0F09D0B06800F00C0016
:101AC000082840F087807068400200F18380306809
:101AD000800703D5E068012840F052813068216911
:101AE00020F0F80040EAC10030602078000713D4ED
:101AF000207840072AD4A569002D00F03C81B06809
:101B000000F00C00082840F0A180012D40F0108169
:101B1000012002B0BDE8F0816069002840F20000B9
:101B2000C4F2472000F07E800121C0F8801EFFF73C
:101B3000D3FD0546706F8007DAD4FFF7CDFD401B5B
:101B40000228F7D9032002B0BDE8F081306C5FEACB
:101B5000C0080AD400200190306C40F080503064FE
:101B6000306C00F080500190019847F20007C4F2F9
:101B700000073868C00547D4386840F48070386082
:101B8000FFF7AAFD054600BF3868C0053CD4FFF743
:101B9000A3FD401B0228F7D9032002B0BDE8F08165
:101BA000B06800F00C00082803D1706840023FF5CF
:101BB00076AF6068B0F5803F07D0B0F5A02F40F059
:101BC0009B80306840F480203060306840F4803082
:101BD00030609BE0E06800285CD00020C4F2472021
:101BE00001210160FFF778FD054600BF30688007DE
:101BF0003FF574AFFFF770FD401B0228F6D90320B4
:101C000002B0BDE8F08100BFA068012805D005281A
:101C100054D1306F40F004003067306F40F0010065
:101C2000306755E00021C0F8801EFFF755FD0546DE
:101C3000706F80077FF55CAFFFF74EFD401B0228F9
:101C4000F6D9032002B0BDE8F08100BF0027C4F23E
:101C5000472700203866FFF73FFD022D05460DD1CE
:101C60003068800140F19080FFF736FD401B02286C
:101C70004FF00300F4D902B0BDE8F0813068800174
:101C800079D5FFF729FD401B02284FF00300F5D955
:101C9000F1E700BF0020C4F2472000210160FFF7F8
:101CA0001BFD0546306880077FF51FAFFFF714FD69
:101CB000401B02284FF00300F4D9DCE7316F002805
:101CC00021F001013167316F21F0040131677DD0CE
:101CD000FFF702FD054641F2883700BF306F8007ED
:101CE00000F18680FFF7F8FC401BB842F6D90320CC
:101CF00002B0BDE8F08100BF3168002821F48031D6
:101D00003160316821F4802131607BD0FFF7E4FC41
:101D1000054600BF306880033FF5C8AEFFF7DCFC26
:101D2000401B6428F6D9032002B0BDE8F08100BF53
:101D30007068E16900F480028A4221D1216A00F0D2
:101D40003F028A421CD147F6C071626A0140B1EB82
:101D5000821F15D1A16A4FF6FF73C903994300F49E
:101D60004032A1F580318A420AD1E16A00F0706008
:101D7000B0EB016F04D1002002B0BDE8F08100BFDC
:101D8000012002B0BDE8F08104F11C052FCD08430D
:101D900040EA8210D9034FF6FF729143A1F58031DA
:101DA00040EA05600843706001203866FFF794FC44
:101DB000044600BF30688001DDD4FFF78DFC001BB6
:101DC00002284FF00300F5D955E700BFFFF784FC68
:101DD000054641F2883700BF306F800708D5FFF70E
:101DE0007BFC401BB8424FF00300F5D943E700BF2E
:101DF000B8F1000F3FF57FAE306C20F080503064BA
:101E000079E600BFFFF768FC054600BF3068800335
:101E10007FF54CAEFFF760FC401B64284FF00300D9
:101E2000F4D928E7002804BF0120704770B50446A4
:101E300090F8490015460E4628B9002084F848005D
:101E4000204600F01DF8206804F10801FEF74AFD65
:101E50002068A2683146FEF789FDD4E90102236BB0
:101E60002946FEF717FD2068A16850F8212042F0AE
:101E7000010240F82120012084F84900002070BDB3
:101E800040F28800C2F200000178002918BF7047B4
:101E90002DE9F04786B0012101704FF0000943F6AB
:101EA0003800CDF80490C4F20200016840F6004406
:101EB00041F0010101600068C4F2020400F0010079
:101EC0000190019801AD4FF480584FF0020A0326AB
:101ED0000C2704F500602946CDF80480CDE902A95D
:101EE00004960597FFF722FB4FF68070CDE9010AB3
:101EF00004F580602946CDE903960597FFF716FBA8
:101F00004CF23370CDE9010A20462946CDE903960B
:101F10000597FFF70BFB04F540602946CDE9018AE0
:101F2000CDE903960597FFF701FB06B0BDE8F04742
:101F300070470000411E0020B0EB116F1CBF012054
:101F400070474EF21002CEF2000251604EF623515D
:101F5000CEF20001F0230B700721906011607047F2
:101F6000002804BF0120704710B5044690F84100D6
:101F700028B9002084F84000204600F021F82420F1
:101F800084F841002068C16821F40051C1602046F6
:101F900008F0AAFB2068016921F4904101614169C0
:101FA00021F02A014161C16841F40051C160002063
:101FB0002021606484F8411084F84210606310BDF1
:101FC000016841F20000C4F20100814218BF70476D
:101FD00080B586B0002143F630020191C4F20202BE
:101FE000536900F5704043F010035361536903F0E7
:101FF00010030193019B0191136843F001031360E7
:10200000126802F001020192019A4FF4C06201923B
:102010000222CDE90221032104910721059101A9A2
:10202000FFF784FA06B0BDE8804070472DE9F04123
:10203000044690F8410020281CBF0220BDE8F08132
:102040000D4600294FF0010000F0AA801646002A34
:1020500008BFBDE8F081002060642120984684F824
:102060004100FFF739FBA684E684A1680646B1F576
:10207000805F02D12069002862D02F460025E08CC5
:10208000002861D018F1010018D0B8F1000F37D145
:10209000216808E017F8010B4860E08C0138E08403
:1020A000E08C002851D00868000673D5002FF1D1CC
:1020B00035F8020B00276FF35F20EDE7216802E09F
:1020C0000868000609D40868000606D408680006F7
:1020D0005CBF08685FEA0060F2D51FB117F8010B1A
:1020E00005E000BF35F8020B00276FF35F20486062
:1020F000E08C0138E084E08C0028E4D125E000BFCA
:10210000216800BF0868000608D4FFF7E5FA801BC5
:10211000404541D82168C868F4E700BF17B117F8F7
:10212000010B04E035F8020B00276FF35F204860D5
:10213000E08C0138E084E08C0028E3D105E000BFAA
:102140000027E08C00289DD12168086840061FD434
:10215000B8F1000F1ED018F101000FD10868400639
:1021600016D40868400613D40868400610D40868DE
:1021700040064FF00000F1D50FE000BFFFF7ACFACA
:10218000801B404508D82068C16800684006F5D526
:10219000002002E0FFF7A0FA0320202184F841107C
:1021A000BDE8F081FEE70000F0B581B040F22807FD
:1021B000C2F2000704467888B988802501FB00F642
:1021C00000200021C6F6004505F058FE788925F864
:1021D000020C9EB1042E06F0030007D326F0030183
:1021E00004392C802C802C802C80F9D130B101282E
:1021F0002C8003D002282C8018BF2C8001B0F0BDA9
:1022000080B540F22801C2F200010872B0B1C8885E
:1022100040F2401245F21053C0F2F0029842C1F869
:10222000022021D041F66312904223D14FF4F07C7A
:102230004FF4487E2B232A2014E000BFC888F022E8
:1022400045F21053C0F240129842C1F8022021D04A
:1022500041F66312904233D14FF4487C4FF4F07E44
:102260002A232B202C221FE04FF4F07C4FF4487ED1
:1022700014E000BF2C22C0F22A0245F21033C1F84C
:102280000A202B229842CA8115D14FF4A07C4FF42A
:10229000F07E0CE04FF4487C4FF4F07E4FF42C536A
:1022A0004FF428504FF430524A818881CB81A1F8F5
:1022B00002E0A1F804C00020BDE8804005F064BC45
:1022C0002C22C0F22A0245F21033C1F80A202B2238
:1022D0009842CA81EFD14FF4F07C4FF4A07EE6E73C
:1022E0002DE9F04F85B005460C46111A571B18BF53
:1022F0004FF0FF370029894648BFC1F10009012985
:10230000A3EB04004FF00102A8BF1746191B18BF2A
:102310004FF0FF310028049044BF4342049301284A
:10232000B8BF0A46049840F27E08814588BF4846F7
:10233000C6F60048029001304FF0000B00264FF027
:10234000000A0190039200BFA8B2A1B205F096FD69
:1023500040F22801C2F2000148890AF1010AA8F8F6
:102360000000049A029B088806EB09015A44CE1A21
:10237000D4BF0E463D44B2EB030BD8BF9346039A3D
:10238000C8BF1444019B1FFA8AF18B42A8F80200CF
:10239000DAD205B0BDE8F08F80B505F06FFD40F2F0
:1023A0002800C2F2000041897E22C6F60042118058
:1023B0000088508080BD0000B0B581B040F2280C8C
:1023C000C2F2000CBCF8064041F6631340F2800EE6
:1023D0009C42C6F6004E55D045F210539C4240F048
:1023E000C180BCF80C30ADF80230BDF802400133BA
:1023F000ADF80240BDF802402EF8024C040AADF8D8
:102400000240BDF80240C0B2ADF80240BDF8024043
:10241000AEF80040ADF80230BDF80230ADF8023041
:10242000BDF802302EF8023CADF80200BDF8020003
:10243000ADF80200BDF80200AEF80000BCF80E00D6
:10244000ADF80200BDF802300130ADF80230BDF841
:1024500002302EF8023C0B0AADF80230BDF8023013
:10246000ADF80230BDF80230AEF80030ADF8020031
:10247000BDF80200ADF80200BDF802002EF8020C13
:10248000A9E000BFBCF80C509CF80830BCF8024032
:10249000ADF80250002BBDF802306FEA0005ADF830
:1024A0000230BDF8023008BF60192EF8023CC0F3BC
:1024B0000723ADF80230BDF80240C0B2ADF80240CB
:1024C000BDF80240AEF80040ADF80200BDF8024091
:1024D000ADF80240BDF80240AEF80040ADF8023061
:1024E000BDF80230ADF80230BDF80230AEF8003071
:1024F000ADF80200BDF80200ADF80200BDF8020020
:10250000AEF80000BCF80E00ADF80200BDF8020005
:10251000ADF80200BDF802002EF8020C080AADF872
:102520000200BDF80230C9B2ADF80230BDF8023089
:10253000AEF80030ADF80210BDF80230ADF8023050
:10254000BDF80230AEF80030ADF80200BDF8020070
:10255000ADF80200BDF80200AEF80000ADF80210C0
:102560003CE000BFBCF80C30ADF80230BDF80230E2
:10257000ADF80230BDF802302EF8023C030AADF887
:102580000230BDF80230C0B2ADF80230BDF8023002
:10259000AEF80030ADF80200BDF80200ADF8020060
:1025A000BDF80200AEF80000BCF80E00ADF8020065
:1025B000BDF80200ADF80200BDF802002EF8020CD2
:1025C000080AADF80200BDF80200ADF80200BDF83F
:1025D0000200AEF80000C8B2ADF80200BDF802007B
:1025E000ADF80200BDF80200AEF80000BCF80A0029
:1025F0002EF8020CAEF8002001B0B0BD994288BFA1
:1026000070472DE9F04F81B08146101A0D46411CEC
:10261000802798460A04C6F6004733D00A9C4FF636
:10262000FC7201F0030A01EA02061FFA80FB03E0D4
:102630000135A8B2404534D8A9B2484605F01EFC81
:1026400040F22800C2F200004089BBF1030F27F8D6
:10265000020C09D3002000BF043081B2B1423C809B
:102660003C803C803C80F7D1BAF1000FE0D0BAF159
:10267000010F3C80DCD0BAF1020F3C8018BF3C80D7
:10268000D6E700BF40F22804C2F20004A9B24846CF
:1026900005F0F4FB01356089A9B2414527F8020C29
:1026A000F4D901B0BDE8F04F704700002DE9F04FBC
:1026B00087B00020802405903220C6F6004449F2FD
:1026C0004135FEF711FFD320ADF81A00BDF81A000E
:1026D00040F22809ADF81A00BDF81A00C2F200094C
:1026E00024F8020C2088ADF81A00BDF81A00A9F8E9
:1026F00006002088ADF81A00BDF81A00A9F80600F7
:102700002088ADF81A00BDF81A000102A9F80610D9
:102710002188ADF81A10BDF81A1041EA002081B2E4
:10272000A9F80600A94249F2413000F003810420D3
:10273000ADF81A00BDF81A0048F25252ADF81A006E
:10274000BDF81A0024F8020C2088ADF81A00BDF874
:102750001A00A9F806002088ADF81A00BDF81A0082
:10276000A9F806002088ADF81A00BDF81A00010289
:10277000A9F806102188ADF81A10BDF81A1041EA20
:10278000002188B2904208BF47F289718AB247F2AD
:1027900089708242A9F8061000F0CC80D420ADF8F0
:1027A0001A00BDF81A00ADF81A00BDF81A0024F896
:1027B000020C2088ADF81A00BDF81A00A9F806002E
:1027C0002088ADF81A00BDF81A00A9F80600208884
:1027D000ADF81A00BDF81A000102A9F80610218808
:1027E000ADF81A10BDF81A1041EA00218AB245F27C
:1027F00010308242A9F8061000F09C804FF470401F
:1028000024F8020C552020804FF20100CFF6FF7013
:10281000AA2124F8020C2180411C24F8021C522118
:102820002180811C24F8021C08210330218024F817
:10283000020C012020804FF44540ADF81A00BDF88D
:102840001A00ADF81A00BDF81A0024F8020C20880E
:10285000ADF81A00BDF81A000102A9F806104CF2F2
:102860000151CFF6FF71ADF81A10BDF81A10ADF88E
:102870001A10BDF81A1024F8021C2188ADF81A109D
:10288000BDF81A1041EA0020A9F806000520FEF75D
:102890002BFEB9F8061045F2105081424AD0B1F52E
:1028A000004F03D1A9F8060044E000BFA120ADF815
:1028B0001A00BDF81A0045F26172ADF81A00BDF8B1
:1028C0001A0045F20F5324F8020C2088ADF81A00C4
:1028D000BDF81A00A9F806002088ADF81A00BDF866
:1028E0001A000102A9F806102188ADF81A10BDF8E7
:1028F0001A1041EA002188B29042084608BF41F60A
:10290000631082B29A42A9F806000BDD45F210531B
:102910009A420FD049F241339A420BD047F2897361
:1029200006E000BF41F663139A4203D045F210332C
:102930009A421DD140F21C11CAF200010A6847F206
:10294000897722F00F020A600A684FF4007622F4B9
:1029500070620A600A6842F003020A600B6882B281
:10296000BA4208BF4FF4407643EA06020A600146C5
:1029700089B20FF2347008F037FFB9F8060045F25B
:102980000F51884240F3988345F21051884203F07A
:102990001F8347F28971884204F0628349F2413112
:1029A000884245F08080CF20ADF81A00BDF81A00AB
:1029B000C122ADF81A00BDF81A00302324F8020C29
:1029C0000020ADF81A00BDF81A104FF0100CADF849
:1029D0001A10BDF81A104FF0010E2180ADF81A2020
:1029E000BDF81A100A26ADF81A10BDF81A10218089
:1029F000ADF81A30BDF81A10ADF81A10BDF81A105B
:102A00002180ED21ADF81A10BDF81A10ADF81A109A
:102A1000BDF81A1024F8021C6421ADF81A10BDF894
:102A20001A10ADF81A10BDF81A1021800321ADF864
:102A30001A10BDF81A10ADF81A10BDF81A1021803E
:102A40001221ADF81A10BDF81A10ADF81A10BDF821
:102A50001A1021808121ADF81A10BDF81A10ADF8B6
:102A60001A10BDF81A102180E821ADF81A10BDF82F
:102A70001A10ADF81A10BDF81A1024F8021C85219E
:102A8000ADF81A10BDF81A10ADF81A10BDF81A10EA
:102A90002180ADF81AC0BDF81A70ADF81A70BDF8F3
:102AA0001A7027807A27ADF81A70BDF81A70ADF841
:102AB0001A70BDF81A702780CB27ADF81A70BDF8D0
:102AC0001A70ADF81A70BDF81A7024F8027C392714
:102AD000ADF81A70BDF81A70ADF81A70BDF81A701A
:102AE00027802C27ADF81A70BDF81A70ADF81A704F
:102AF000BDF81A702780ADF81A00BDF81A70ADF84D
:102B00001A70BDF81A7027803427ADF81A70BDF816
:102B10001A70ADF81A70BDF81A7027800227ADF848
:102B20001A70BDF81A70ADF81A70BDF81A702780C7
:102B3000F727ADF81A70BDF81A70ADF81A70BDF825
:102B40001A7024F8027C2027ADF81A70BDF81A70AC
:102B5000ADF81A70BDF81A702780EA27ADF81A7020
:102B6000BDF81A70ADF81A70BDF81A7024F8027C1E
:102B7000ADF81A00BDF81A70ADF81A70BDF81A70E9
:102B80002780ADF81A00BDF81A70ADF81A70BDF8BC
:102B90001A702780C027ADF81A70BDF81A70ADF80A
:102BA0001A70BDF81A7024F8027C1B27ADF81A7051
:102BB000BDF81A70ADF81A70BDF81A702780ADF81C
:102BC0001A20BDF81A20ADF81A20BDF81A2024F8F2
:102BD000022CADF81AE0BDF81A70ADF81A70BDF805
:102BE0001A702780C527ADF81A70BDF81A70ADF8B5
:102BF0001A70BDF81A7024F8027CADF81A30BDF8CE
:102C00001A70ADF81A70BDF81A702780ADF81A3036
:102C1000BDF81A300F27ADF81A30BDF81A302380EE
:102C2000C723ADF81A30BDF81A30ADF81A30BDF828
:102C30001A3024F8023CB723ADF81A30BDF81A3028
:102C4000ADF81A30BDF81A3023803623ADF81A30AB
:102C5000BDF81A30ADF81A30BDF81A3024F8023C2D
:102C60004823ADF81A30BDF81A30ADF81A30BDF867
:102C70001A3023803A23ADF81A30BDF81A30ADF877
:102C80001A30BDF81A3024F8023C5523ADF81A303A
:102C9000BDF81A30ADF81A30BDF81A302380B123D0
:102CA000ADF81A30BDF81A30ADF81A30BDF81A3048
:102CB00024F8023CADF81A00BDF81A30ADF81A300D
:102CC000BDF81A3023801A23ADF81A30BDF81A3037
:102CD000ADF81A30BDF81A302380B623ADF81A309B
:102CE000BDF81A30ADF81A30BDF81A3024F8023C9D
:102CF000ADF81A60BDF81A30ADF81A30BDF81A30C8
:102D00002380A223ADF81A30BDF81A30ADF81A307E
:102D1000BDF81A302380F223ADF81A30BDF81A300E
:102D2000ADF81A30BDF81A3024F8023CADF81A009C
:102D3000BDF81A30ADF81A30BDF81A3023802623BA
:102D4000ADF81A30BDF81A30ADF81A30BDF81A30A7
:102D500024F8023CADF81AE0BDF81A30ADF81A308C
:102D6000BDF81A302380E023ADF81A30BDF81A30D0
:102D7000ADF81A30BDF81A3024F8023CADF81A70DC
:102D8000BDF81A30ADF81A30BDF81A3023802A2366
:102D9000ADF81A30BDF81A50ADF81A50BDF81A50F7
:102DA00025802825ADF81A50BDF81A50ADF81A50F4
:102DB000BDF81A5025800825ADF81A50BDF81A1034
:102DC000ADF81A10BDF81A1021800E21ADF81A10B6
:102DD000BDF81A10ADF81A10BDF81A102180ADF820
:102DE0001A50BDF81A102B25ADF81A10BDF81A109C
:102DF00021805421ADF81A10BDF81A10ADF81A1040
:102E0000BDF81A102180A921ADF81A10BDF81A10CA
:102E1000ADF81A10BDF81A1021804321ADF81A1030
:102E2000BDF81A10ADF81A10BDF81A102180ADF8CF
:102E30001A60BDF81A101126ADF81A10BDF81A1054
:102E40002180ADF81A70BDF81A10ADF81A10BDF84F
:102E50001A102180ADF81A00BDF81A10ADF81A103A
:102E6000BDF81A102180ADF81A00BDF81A10ADF89F
:102E70001A10BDF81A102180ADF81A00BDF81A100A
:102E8000ADF81A10BDF81A102180ADF81A00BDF87F
:102E90001A10ADF81A10BDF81A102180E121ADF812
:102EA0001A10BDF81A10ADF81A10BDF81A1024F84F
:102EB000021CADF81A00BDF81A10ADF81A10BDF8D2
:102EC0001A1021801521ADF81A10BDF81A10ADF8AE
:102ED0001A10BDF81A1021801721ADF81A10BDF88C
:102EE0001A10ADF81A10BDF81A1021800721ADF89C
:102EF0001A10BDF81A10ADF81A10BDF81A1021807A
:102F0000ADF81A60BDF81A10ADF81A10BDF81A1015
:102F100021800621ADF81A10BDF81A10ADF81A106C
:102F2000BDF81A102180ADF81A50BDF81A10ADF88E
:102F30001A10BDF81A1021805621ADF81A10BDF8EC
:102F40001A10ADF81A10BDF81A1021803C21ADF806
:102F50001A10BDF81A10ADF81A10BDF81A10218019
:102F60000521ADF81A10BDF81A10ADF81A10BDF809
:102F70001A102180ADF81AC0BDF81A10ADF81A1059
:102F8000BDF81A102180ADF81A70BDF81A10ADF80E
:102F90001A10BDF81A1021803F21ADF81A10BDF8A3
:102FA0001A20ADF81A20BDF81A202280ADF81A10A8
:102FB000BDF81A20ADF81A20BDF81A202280ADF80D
:102FC0001A70BDF81A20ADF81A20BDF81A20228018
:102FD000ADF81A50BDF81A20ADF81A20BDF81A2025
:102FE00024F8022CADF81A00BDF81A20ADF81A200A
:102FF000BDF81A202280ADF81A00BDF81A20ADF8ED
:103000001A20BDF81A202280ADF81AE0BDF81A2067
:10301000ADF81A20BDF81A202280ADF81A10BDF8BC
:103020001A10ADF81A10BDF81A102180ADF81A3038
:10303000BDF81A10ADF81A10BDF81A1024F8021CC9
:10304000ADF81A00BDF81A10ADF81A10BDF81A1034
:103050002180ADF81A00BDF81A10ADF81A10BDF8AD
:103060001A102180ADF81A00BDF81A00ADF81A0048
:10307000BDF81A002080EF20ADF81A00BDF81A0044
:10308000ADF81A00BDF81A002080ADF81A60BDF83E
:103090001A00ADF81A00BDF81A0024F8020C7820C6
:1030A000FEF722FA04F085BA204C43442049443A02
:1030B00025780D0A0000000041F66311884204F0F3
:1030C000858245F21031884244F0ED84ED20ADF860
:1030D0001A00BDF81A000122ADF81A00BDF81A0056
:1030E000002624F8020C0120ADF81A00BDF81A00E1
:1030F0002123ADF81A00BDF81A008B252080FE2090
:10310000ADF81A00BDF81A004FF0200BADF81A0008
:10311000BDF81A004FF03C0A2080EE20ADF81A00EE
:10312000BDF81A004FF03608ADF81A00BDF81A00C5
:103130004FF0320E24F8020CDE20ADF81A00BDF874
:103140001A004FF02C0CADF81A00BDF81A002080C0
:103150002120ADF81A00BDF81A10C420ADF81A10DD
:10316000BDF81A102180F121ADF81A10BDF81A101F
:10317000ADF81A10BDF81A1024F8021CADF81A2088
:10318000BDF81A10ADF81A10BDF81A102180DF2111
:10319000ADF81A10BDF81A10ADF81A10BDF81A10D3
:1031A00024F8021C1021ADF81A10BDF81A10ADF861
:1031B0001A10BDF81A102180ADF81A00BDF81A10C7
:1031C000C620ADF81A10BDF81A1024F8021C8F2181
:1031D000ADF81A10BDF81A10ADF81A10BDF81A1093
:1031E0002180ADF81A00BDF81A10E220ADF81A10CF
:1031F000BDF81A1024F8021CADF81A60BDF81A10B8
:10320000ADF81A10BDF81A102180ADF81A00BDF8FB
:103210001A10ADF81A10BDF81A102180ADF81A0076
:10322000BDF81A10ADF81A10BDF81A102180ADF8CB
:103230001A00BDF81A105D20ADF81A10BDF81A106A
:103240002180BF21ADF81A10BDF81A10ADF81A1080
:10325000BDF81A1024F8021CAA21ADF81A10BDF806
:103260001A10ADF81A10BDF81A102180B021ADF86F
:103270001A10BDF81A10ADF81A10BDF81A1024F87B
:10328000021C0D21ADF81A10BDF81A20ADF81A2055
:10329000BDF81A202280ADF81A60BDF81A20ADF8EA
:1032A0001A20BDF81A202280ADF81A10BDF81A10A5
:1032B000ADF81A10BDF81A102180ADF81A60BDF8EB
:1032C0001A10ADF81A10BDF81A1021801121ADF8AE
:1032D0001A10BDF81A10ADF81A10BDF81A10218096
:1032E000ADF81A60BDF81A10ADF81A10BDF81A1032
:1032F00021801921ADF81A10BDF81A10ADF81A1076
:10330000BDF81A102180ADF81A60BDF81A10ADF89A
:103310001A10BDF81A102180ADF81A30BDF81A1035
:103320000223ADF81A10BDF81A102180ADF81A600A
:10333000BDF81A10ADF81A10BDF81A1021802D2111
:10334000ADF81A10BDF81A10ADF81A10BDF81A1021
:103350002180ADF81A60BDF81A10ADF81A10BDF84A
:103360001A1021803D21ADF81A10BDF81A10ADF8E1
:103370001A10BDF81A102180ADF81A60BDF81A10A5
:10338000ADF81A10BDF81A102180ADF81A00BDF87A
:103390001A10ADF81A10BDF81A102180ADF81A6095
:1033A000BDF81A10ADF81A10BDF81A102180ADF84A
:1033B0001A00BDF81A108B20ADF81A10BDF81A10BB
:1033C0002180ADF81A60BDF81A10ADF81A10BDF8DA
:1033D0001A102180B121ADF81A10BDF81A10ADF8FD
:1033E0001A10BDF81A1024F8021C8021ADF81A102A
:1033F000BDF81A10ADF81A10BDF81A102180ADF8FA
:103400001A60BDF81A10ADF81A10BDF81A10218014
:10341000ADF81A00BDF81A100220ADF81A10BDF868
:103420001A102180ADF81A60BDF81A10ADF81A1004
:10343000BDF81A1021809621ADF81A10BDF81A2097
:10344000ADF81A20BDF81A202280ADF81A60BDF838
:103450001A20ADF81A20BDF81A202280B222ADF849
:103460001A20BDF81A20ADF81A20BDF81A2024F849
:10347000022CADF81A60BDF81A20ADF81A20BDF87C
:103480001A202280ADF81A60BDF81A20ADF81A2073
:10349000BDF81A202280ADF81A00BDF81A20B3201A
:1034A000ADF81A20BDF81A202280ADF81A60BDF8D8
:1034B0001A20ADF81A20BDF81A2022800322ADF898
:1034C0001A20BDF81A70ADF81A70BDF81A7027806E
:1034D000ADF81A60BDF81A70ADF81A70BDF81A7020
:1034E0002780ADF81A00BDF81A70B720ADF81A7031
:1034F000BDF81A7024F8027CADF81A60BDF81A7095
:10350000ADF81A70BDF81A702780ADF81A60BDF8D2
:103510001A70ADF81A70BDF81A702780ADF81A60ED
:10352000BDF81A70ADF81A70BDF81A702780ADF8A2
:103530001A60BDF81A70ADF81A70BDF81A702780BD
:10354000ADF81A60BDF81A70ADF81A70BDF81A70AF
:103550002780ADF81A60BDF81A70ADF81A70BDF882
:103560001A702780ADF81A60BDF81A70ADF81A709D
:10357000BDF81A702780ADF81A60BDF81A70ADF862
:103580001A70BDF81A702780ADF81A60BDF81A706D
:10359000ADF81A70BDF81A702780ADF81A60BDF842
:1035A0001A70ADF81A70BDF81A702780ADF81A605D
:1035B000BDF81A70ADF81A70BDF81A702780ADF812
:1035C0001A60BDF81A70ADF81A70BDF81A7027802D
:1035D000ADF81A60BDF81A70ADF81A70BDF81A701F
:1035E0002780ADF81A60BDF81A70ADF81A70BDF8F2
:1035F0001A702780ADF81A60BDF81A70ADF81A700D
:10360000BDF81A702780ADF81A60BDF81A70ADF8D1
:103610001A70BDF81A702780ADF81A60BDF81A70DC
:10362000ADF81A70BDF81A702780ADF81A60BDF8B1
:103630001A70ADF81A70BDF81A702780ADF81A60CC
:10364000BDF81A70ADF81A70BDF81A702780ADF881
:103650001A60BDF81A70ADF81A70BDF81A7027809C
:10366000ADF81A60BDF81A70ADF81A70BDF81A708E
:103670002780ADF81A60BDF81A70ADF81A70BDF861
:103680001A702780ADF81A60BDF81A70ADF81A707C
:10369000BDF81A702780ADF81A60BDF81A70ADF841
:1036A0001A70BDF81A702780B427ADF81A70BDF8EB
:1036B0001A70ADF81A70BDF81A7024F8027CADF8D3
:1036C0001A50BDF81A70ADF81A70BDF81A7027803C
:1036D000ADF81A60BDF81A70ADF81A70BDF81A701E
:1036E0002780ADF81A10BDF81A100427ADF81A108B
:1036F000BDF81A102180ADF81A60BDF81A10ADF8A7
:103700001A10BDF81A102180A121ADF81A10BDF8C9
:103710001A10ADF81A10BDF81A102180ADF81A6011
:10372000BDF81A10ADF81A10BDF81A102180B52195
:10373000ADF81A10BDF81A10ADF81A10BDF81A102D
:1037400024F8021CADF81A30BDF81A10FF23ADF8AA
:103750001A10BDF81A102180ADF81A60BDF81A10C1
:10376000ADF81A10BDF81A102180ADF81A20BDF876
:103770001A10ADF81A10BDF81A102180ADF81A60B1
:10378000BDF81A10ADF81A10BDF81A102180ADF866
:103790001A70BDF81A10ADF81A10BDF81A10218071
:1037A000ADF81A60BDF81A10ADF81A10BDF81A106D
:1037B0002180B621ADF81A10BDF81A10ADF81A1014
:1037C000BDF81A1024F8021CADF81A60BDF81A10E2
:1037D000ADF81A10BDF81A102180ADF81A60BDF8C6
:1037E0001A10ADF81A10BDF81A102180ADF81A00A1
:1037F000BDF81A106420ADF81A10BDF81A1024F89C
:10380000021CADF81A60BDF81A10ADF81A10BDF818
:103810001A102180ADF81A60BDF81A10ADF81A1010
:10382000BDF81A1021803F21ADF81A10BDF81A100A
:10383000ADF81A10BDF81A102180ADF81A60BDF865
:103840001A10ADF81A10BDF81A1021805E21ADF8DB
:103850001A10BDF81A10ADF81A10BDF81A10218010
:10386000ADF81A60BDF81A10ADF81A10BDF81A10AC
:103870002180ADF81A00BDF81A10DC20ADF81A103E
:10388000BDF81A102180ADF81A60BDF81A10ADF815
:103890001A10BDF81A1021808C21ADF81A10BDF84D
:1038A0001A10ADF81A10BDF81A102180ADF81A6080
:1038B000BDF81A10ADF81A10BDF81A102180AC210D
:1038C000ADF81A10BDF81A10ADF81A10BDF81A109C
:1038D0002180ADF81A60BDF81A10ADF81A10BDF8C5
:1038E0001A102180ADF81A00BDF81A10ADF81A10A0
:1038F000BDF81A102180ADF81A60BDF81A10ADF8A5
:103900001A10BDF81A1021807021ADF81A10BDF8F8
:103910001A10ADF81A10BDF81A102180ADF81A600F
:10392000BDF81A10ADF81A10BDF81A1021809021B8
:10393000ADF81A10BDF81A10ADF81A10BDF81A102B
:103940002180ADF81A60BDF81A10ADF81A10BDF854
:103950001A102180EB21ADF81A10BDF81A10ADF83D
:103960001A10BDF81A102180ADF81A60BDF81A10AF
:10397000ADF81A10BDF81A102180ADF81A00BDF884
:103980001A10C220ADF81A10BDF81A102180ADF837
:103990001A60BDF81A10ADF81A10BDF81A1021807F
:1039A000B821ADF81A10BDF81A10ADF81A10BDF80C
:1039B0001A1024F8021CADF81A60BDF81A10ADF800
:1039C0001A10BDF81A102180ADF81A60BDF81A104F
:1039D000ADF81A10BDF81A102180ADF81A60BDF8C4
:1039E0001A10ADF81A10BDF81A102180ADF81A603F
:1039F000BDF81A10ADF81A10BDF81A102180ADF8F4
:103A00001A60BDF81A10ADF81A10BDF81A1021800E
:103A1000ADF81A60BDF81A10ADF81A10BDF81A10FA
:103A20002180ADF81A60BDF81A10ADF81A10BDF873
:103A30001A102180ADF81A60BDF81A10ADF81A10EE
:103A4000BDF81A102180BA21ADF81A10BDF81A106D
:103A5000ADF81A10BDF81A1024F8021C2421ADF894
:103A60001A10BDF81A20ADF81A20BDF81A202280CD
:103A7000ADF81A60BDF81A20ADF81A20BDF81A206A
:103A80002280ADF81A60BDF81A20ADF81A20BDF8F2
:103A90001A202280ADF81A60BDF81A20ADF81A205D
:103AA000BDF81A202280C122ADF81A20BDF81A20D4
:103AB000ADF81A20BDF81A2024F8022CADF81AB07F
:103AC000BDF81A502322ADF81A50BDF81A502580BF
:103AD000ADF81A60BDF81A50ADF81A50BDF81A507A
:103AE00025805425ADF81A50BDF81A50ADF81A507B
:103AF000BDF81A502580ADF81A60BDF81A50ADF81F
:103B00001A50BDF81A502580ADF81A30BDF81A5079
:103B10003A23ADF81A50BDF81A502580ADF81A6056
:103B2000BDF81A50ADF81A50BDF81A502580ADF8FE
:103B30001A00BDF81A500A20ADF81A50BDF81A50F4
:103B400024F8025CADF81A00BDF81A503C20ADF81C
:103B50001A50BDF81A502580ADF81A60BDF81A50F9
:103B6000ADF81A50BDF81A502580ADF81A70BDF89E
:103B70001A70ADF81A70BDF81A702780ADF81A6087
:103B8000BDF81A70ADF81A70BDF81A702780C327F7
:103B9000ADF81A70BDF81A70ADF81A70BDF81A7049
:103BA00024F8027CADF81A00BDF81A70ADF81A704E
:103BB000BDF81A702780ADF81A60BDF81A70ADF81C
:103BC0001A70BDF81A702780ADF81A30BDF81A7057
:103BD0002C23ADF81A70BDF81A702780ADF81A6062
:103BE000BDF81A70ADF81A70BDF81A702780392721
:103BF000ADF81A70BDF81A70ADF81A70BDF81A70E9
:103C00002780ADF81A60BDF81A70ADF81A70BDF8CB
:103C10001A7027803727ADF81A70BDF81A70ADF802
:103C20001A70BDF81A702780ADF81A60BDF81A70C6
:103C3000ADF81A70BDF81A702780ADF81A00BDF8FB
:103C40001A703620ADF81A70BDF81A702780ADF8DA
:103C50001A60BDF81A70ADF81A70BDF81A70278096
:103C6000ADF81A00BDF81A703220ADF81A70BDF820
:103C70001A702780ADF81A60BDF81A70ADF81A7086
:103C8000BDF81A702780ADF81A00BDF81A70292007
:103C9000ADF81A70BDF81A702780ADF81A60BDF83B
:103CA0001A70ADF81A70BDF81A7027802F27ADF87A
:103CB0001A70BDF81A50ADF81A50BDF81A50258088
:103CC000ADF81A60BDF81A50ADF81A50BDF81A5088
:103CD0002580ADF81A30BDF81A502923ADF81A50D6
:103CE000BDF81A502580ADF81A60BDF81A50ADF82D
:103CF0001A50BDF81A502580ADF81A30BDF81A5088
:103D0000ADF81A50BDF81A502580ADF81A60BDF80C
:103D10001A50ADF81A50BDF81A5025802625ADF876
:103D20001A50BDF81A30ADF81A30BDF81A30238099
:103D3000ADF81A60BDF81A30ADF81A30BDF81A3077
:103D40002380ADF81A10BDF81A30ADF81A30BDF85E
:103D50001A302380ADF81A60BDF81A30ADF81A3069
:103D6000BDF81A302380ADF81A10BDF81A30ADF83E
:103D70001A30BDF81A302380ADF81A60BDF81A3039
:103D8000ADF81A30BDF81A3023802323ADF81A306D
:103D9000BDF81A30ADF81A30BDF81A302380ADF8EE
:103DA0001A60BDF81A30ADF81A30BDF81A30238009
:103DB000ADF81AA0BDF81A30ADF81A30BDF81A30B7
:103DC0002380ADF81A60BDF81A30ADF81A30BDF88E
:103DD0001A302380ADF81A80BDF81A304FF07A08F7
:103DE000ADF81A30BDF81A302380ADF81A60BDF86E
:103DF0001A30ADF81A30BDF81A302380ADF81AE049
:103E0000BDF81A30ADF81A30BDF81A302380ADF87D
:103E10001A60BDF81A30ADF81A30BDF81A30238098
:103E2000ADF81A70BDF81A30ADF81A30BDF81A3076
:103E30002380ADF81A60BDF81A30ADF81A30BDF81D
:103E40001A302380ADF81AC0BDF81A304FF0C40CF8
:103E5000ADF81A30BDF81A302380ADF81A60BDF8FD
:103E60001A30ADF81A30BDF81A302380ADF81A00B8
:103E7000BDF81A30C420ADF81A30BDF81A302380CE
:103E8000ADF81A60BDF81A30ADF81A30BDF81A3026
:103E90002380ADF81A50BDF81A301625ADF81A3047
:103EA000BDF81A302380ADF81A60BDF81A30ADF8AD
:103EB0001A30BDF81A302380ADF81A10BDF81A3048
:103EC000ADF81A30BDF81A302380ADF81A60BDF88D
:103ED0001A30ADF81A30BDF81A302380ADF81A1038
:103EE000BDF81A10ADF81A10BDF81A102180ADF8FF
:103EF0001A60BDF81A10ADF81A10BDF81A1021801A
:103F0000ADF81A20BDF81A10ADF81A10BDF81A1045
:103F10002180ADF81A60BDF81A10ADF81A10BDF87E
:103F20001A102180ADF81A00BDF81A106220ADF801
:103F30001A10BDF81A1024F8021CADF81A00BDF8CA
:103F40001A100520ADF81A10BDF81A102180ADF82E
:103F50001A60BDF81A10ADF81A10BDF81A102180B9
:103F6000ADF81A00BDF81A108420ADF81A10BDF88B
:103F70001A102180ADF81A60BDF81A10ADF81A10A9
:103F8000BDF81A102180ADF81A00BDF81A10F02003
:103F9000ADF81A10BDF81A102180ADF81A60BDF8FE
:103FA0001A10ADF81A10BDF81A102180ADF81A00D9
:103FB000BDF81A105020ADF81A10BDF81A10218063
:103FC000ADF81A60BDF81A10ADF81A10BDF81A1045
:103FD00021801821ADF81A10BDF81A30ADF81A304A
:103FE000BDF81A302380ADF81A60BDF81A30ADF86C
:103FF0001A30BDF81A302380A423ADF81A30BDF86A
:104000001A30ADF81A30BDF81A302380ADF81A60B6
:10401000BDF81A30ADF81A30BDF81A302380ADF86B
:104020001A10BDF81A10ADF81A10BDF81A10218038
:10403000ADF81A60BDF81A10ADF81A10BDF81A10D4
:104040002180ADF81A00BDF81A10F320ADF81A104F
:10405000BDF81A102180ADF81A60BDF81A10ADF83D
:104060001A10BDF81A1021800C21ADF81A10BDF8F5
:104070001A10ADF81A10BDF81A102180ADF81A60A8
:10408000BDF81A10ADF81A10BDF81A1021801721CA
:10409000ADF81A10BDF81A30ADF81A30BDF81A3064
:1040A0002380ADF81A60BDF81A30ADF81A30BDF8AB
:1040B0001A3023809523ADF81A30BDF81A30ADF8C8
:1040C0001A30BDF81A302380ADF81A60BDF81A30E6
:1040D000ADF81A30BDF81A302380ADF81A00BDF8DB
:1040E0001A30E620ADF81A30BDF81A302380ADF84A
:1040F0001A60BDF81A30ADF81A30BDF81A302380B6
:10410000ADF81A00BDF81A304420ADF81A30BDF8E9
:104110001A302380ADF81A60BDF81A30ADF81A30A5
:10412000BDF81A302380C523ADF81A30BDF81A3017
:10413000ADF81A30BDF81A3024F8023CADF81AE098
:10414000BDF81A304FF08B0EADF81A30BDF81A30AA
:104150002380ADF81A60BDF81A30ADF81A30BDF8FA
:104160001A302380ADF81A00BDF81A307620ADF869
:104170001A30BDF81A302380ADF81A60BDF81A3035
:10418000ADF81A30BDF81A3023806523ADF81A3027
:10419000BDF81A30ADF81A30BDF81A302380ADF8EA
:1041A0001A60BDF81A30ADF81A30BDF81A30238005
:1041B000ADF81A00BDF81A308820ADF81A30BDF8F5
:1041C0001A302380ADF81A60BDF81A30ADF81A30F5
:1041D000BDF81A302380ADF81A00BDF81A30C62099
:1041E000ADF81A30BDF81A302380ADF81A60BDF86A
:1041F0001A30ADF81A30BDF81A302380ADF81A0025
:10420000BDF81A300120ADF81A30BDF81A3024F884
:10421000023CADF81AB0BDF81A204FF0640BADF8AF
:104220001A20BDF81A20A8232280ADF81A60BDF824
:104230001A20ADF81A20BDF81A202280ADF81A1005
:10424000BDF81A10B922ADF81A10BDF81A10218065
:10425000ADF81A60BDF81A10ADF81A10BDF81A10B2
:104260002180ADF81A00BDF81A10C720ADF81A1059
:10427000BDF81A102180ADF81A60BDF81A10ADF81B
:104280001A10BDF81A102180ADF81A00BDF81A10E6
:10429000E020ADF81A10BDF81A1024F8021CADF891
:1042A0001A60BDF81A10ADF81A10BDF81A10218066
:1042B000ADF81A60BDF81A10ADF81A10BDF81A1052
:1042C0002180ADF81A60BDF81A10ADF81A10BDF8CB
:1042D0001A102180ADF81A60BDF81A10ADF81A1046
:1042E000BDF81A102180C821ADF81A10BDF81A10B7
:1042F000ADF81A10BDF81A1024F8021CADF81A60B7
:10430000BDF81A10ADF81A10BDF81A102180ADF8DA
:104310001A60BDF81A10ADF81A10BDF81A102180F5
:10432000ADF81A60BDF81A10ADF81A10BDF81A10E1
:104330002180ADF81A60BDF81A10ADF81A10BDF85A
:104340001A102180C921ADF81A10BDF81A10ADF865
:104350001A10BDF81A1024F8021CADF81A60BDF846
:104360001A10ADF81A10BDF81A102180ADF81A60B5
:10437000BDF81A10ADF81A10BDF81A102180ADF86A
:104380001A60BDF81A10ADF81A10BDF81A10218085
:10439000ADF81A60BDF81A10ADF81A10BDF81A1071
:1043A0002180ADF81A60BDF81A10ADF81A10BDF8EA
:1043B0001A102180ADF81A60BDF81A10ADF81A1065
:1043C000BDF81A102180ADF81A60BDF81A10ADF8CA
:1043D0001A10BDF81A102180ADF81A60BDF81A1035
:1043E000ADF81A10BDF81A102180ADF81A60BDF8AA
:1043F0001A10ADF81A10BDF81A102180ADF81A6025
:10440000BDF81A10ADF81A10BDF81A102180ADF8D9
:104410001A60BDF81A10ADF81A10BDF81A102180F4
:10442000ADF81A60BDF81A10ADF81A10BDF81A10E0
:104430002180ADF81A60BDF81A10ADF81A10BDF859
:104440001A102180ADF81A60BDF81A10ADF81A10D4
:10445000BDF81A102180ADF81A60BDF81A10ADF839
:104460001A10BDF81A102180ADF81A60BDF81A10A4
:10447000ADF81A10BDF81A102180ADF81A00BDF879
:104480001A101C20ADF81A10BDF81A1024F8021CDE
:10449000ADF81A50BDF81A10ADF81A10BDF81A1080
:1044A0002180ADF81A60BDF81A10ADF81A10BDF8E9
:1044B0001A102180ADF81A00BDF81A102120ADF8AD
:1044C0001A10BDF81A102180ADF81A60BDF81A1044
:1044D000ADF81A10BDF81A102180ADF81A00BDF819
:1044E0001A00CA21ADF81A00BDF81A002080ADF8F4
:1044F0001A60BDF81A00ADF81A00BDF81A00208045
:104500003620ADF81A00BDF81A00ADF81A00BDF853
:104510001A002080ADF81A60BDF81A00ADF81A0034
:10452000BDF81A0020804620ADF81A00BDF81A0028
:10453000ADF81A00BDF81A002080ADF81A60BDF879
:104540001A00ADF81A00BDF81A0020805220ADF80C
:104550001A00BDF81A00ADF81A00BDF81A00208044
:10456000ADF81A60BDF81A00ADF81A00BDF81A00CF
:104570002080ADF81AB0BDF81A00ADF81A00BDF8E9
:104580001A002080ADF81A60BDF81A00ADF81A00C4
:10459000BDF81A002080ADF81A80BDF81A00ADF8F9
:1045A0001A00BDF81A002080ADF81A60BDF81A0094
:1045B000ADF81A00BDF81A002080ADF81AE0BDF879
:1045C0001A00ADF81A00BDF81A002080ADF81A6084
:1045D000BDF81A00ADF81A00BDF81A002080992025
:1045E000ADF81A00BDF81A00ADF81A00BDF81A00AF
:1045F0002080ADF81A60BDF81A00ADF81A00BDF8B9
:104600001A002080ADF81A30BDF81A00ADF81A0073
:10461000BDF81A002080ADF81A60BDF81A00ADF898
:104620001A00BDF81A002080ADF81A20BDF81A0053
:10463000ADF81A00BDF81A002080ADF81A60BDF878
:104640001A00ADF81A00BDF81A002080ADF81AC0A3
:10465000BDF81A00ADF81A00BDF81A002080ADF8B8
:104660001A60BDF81A00ADF81A00BDF81A002080D3
:10467000ADF81A10BDF81A00ADF81A00BDF81A000E
:104680002080ADF81A60BDF81A00ADF81A00BDF828
:104690001A002080D220ADF81A00BDF81AA0ADF89B
:1046A0001AA0BDF81A704FF0F30A2780ADF81A600F
:1046B000BDF81A70ADF81A70BDF81A702780D927A6
:1046C000ADF81A70BDF81A70ADF81A70BDF81A700E
:1046D0002780ADF81A60BDF81A70ADF81A70BDF8F1
:1046E0001A702780E027ADF81A70BDF81A70ADF87F
:1046F0001A70BDF81A702780ADF81A60BDF81A70EC
:10470000ADF81A70BDF81A702780ADF81AA0BDF880
:104710001A70ADF81A70BDF81A702780ADF81A60DB
:10472000BDF81A70ADF81A70BDF81A702780E1272D
:10473000ADF81A70BDF81A70ADF81A70BDF81A709D
:1047400024F8027CADF81A50BDF81A50ADF81A5092
:10475000BDF81A502580ADF81A60BDF81A50ADF8B2
:104760001A50BDF81A5025801C25ADF81A50BDF816
:104770001A50ADF81A50BDF81A502580ADF81A60DD
:10478000BDF81A50ADF81A50BDF81A5025802225F0
:10479000ADF81A50BDF81A50ADF81A50BDF81A50BD
:1047A0002580ADF81A60BDF81A50ADF81A50BDF862
:1047B0001A5025803625ADF81A50BDF81A50ADF8BC
:1047C0001A50BDF81A502580ADF81A60BDF81A507D
:1047D000ADF81A50BDF81A5025804525ADF81A508D
:1047E000BDF81A50ADF81A50BDF81A502580ADF832
:1047F0001A60BDF81A50ADF81A50BDF81A5025804D
:104800005225ADF81A50BDF81A70D125ADF81A70BE
:10481000BDF81A702780ADF81A60BDF81A70ADF8AF
:104820001A70BDF81A702780ADF81AB0BDF81A706A
:104830004FF0440BADF81A70BDF81A702780ADF830
:104840001A60BDF81A70ADF81A70BDF81A7027809A
:10485000ADF81A80BDF81A704FF00508ADF81A705F
:10486000BDF81A702780ADF81A60BDF81A70ADF85F
:104870001A70BDF81A702780ADF81AE0BDF81A70EA
:104880004FF0880EADF81A70BDF81A702780ADF899
:104890001A60BDF81A70ADF81A70BDF81A7027804A
:1048A0009927ADF81A70BDF81A70ADF81A70BDF8F6
:1048B0001A702780ADF81A60BDF81A70ADF81A703A
:1048C000BDF81A702780ADF81A30BDF81A30C2272B
:1048D000ADF81A30BDF81A302380ADF81A60BDF873
:1048E0001A30ADF81A30BDF81A302380ADF81A200E
:1048F000BDF81A20A623ADF81A20BDF81A20228090
:10490000ADF81A60BDF81A20ADF81A20BDF81A20CB
:104910002280ADF81AC0BDF81A204FF0F30CADF8A4
:104920001A20BDF81A202280ADF81A60BDF81A20AE
:10493000ADF81A20BDF81A202280ADF81A10BDF883
:104940001A10C722ADF81A10BDF81A102180ADF860
:104950001A60BDF81A10ADF81A10BDF81A102180AF
:10496000ADF81A00BDF81A00B721ADF81A00BDF86D
:104970001A002080ADF81A60BDF81A00ADF81A00D0
:10498000BDF81A002080D820ADF81A00BDF81A0032
:10499000ADF81A00BDF81A002080ADF81A60BDF815
:1049A0001A00ADF81A00BDF81A002080E020ADF81A
:1049B0001A00BDF81A00ADF81A00BDF81A002080E0
:1049C000ADF81A60BDF81A00ADF81A00BDF81A006B
:1049D0002080ADF81AA0BDF81A004FF0970AADF884
:1049E0001A00BDF81A002080ADF81A60BDF81A0050
:1049F000ADF81A00BDF81A002080E220ADF81A00C8
:104A0000BDF81A00ADF81A00BDF81A0024F8020C1F
:104A1000ADF81A80BDF81A00ADF81A00BDF81A00FA
:104A20002080ADF81A60BDF81A00ADF81A00BDF884
:104A30001A0020800B20ADF81A00BDF81A00ADF85E
:104A40001A00BDF81A002080ADF81A60BDF81A00EF
:104A5000ADF81A00BDF81A0020801B20ADF81A002E
:104A6000BDF81A00ADF81A00BDF81A002080ADF8A4
:104A70001A60BDF81A00ADF81A00BDF81A002080BF
:104A80003420ADF81A00BDF81A00ADF81A00BDF8D0
:104A90001A002080ADF81A60BDF81A00ADF81A00AF
:104AA000BDF81A002080ADF81AB0BDF81A00ADF8B4
:104AB0001A00BDF81A002080ADF81A60BDF81A007F
:104AC000ADF81A00BDF81A0020804F20ADF81A008A
:104AD000BDF81A00ADF81A00BDF81A002080ADF834
:104AE0001A60BDF81A00ADF81A00BDF81A0020804F
:104AF0006120ADF81A00BDF81A00ADF81A00BDF833
:104B00001A002080ADF81A60BDF81A00ADF81A003E
:104B1000BDF81A0020807920ADF81A00BDF81A00FF
:104B2000ADF81A00BDF81A002080ADF81A60BDF883
:104B30001A00ADF81A00BDF81A002080ADF81AE08E
:104B4000BDF81A00ADF81A00BDF81A002080ADF8C3
:104B50001A60BDF81A00ADF81A00BDF81A002080DE
:104B6000ADF81AA0BDF81A00ADF81A00BDF81A0089
:104B70002080ADF81A60BDF81A00ADF81A00BDF833
:104B80001A002080ADF81A30BDF81A00ADF81A00EE
:104B9000BDF81A002080ADF81A60BDF81A00ADF813
:104BA0001A00BDF81A002080ADF81A10BDF81A00DE
:104BB000ADF81A00BDF81A002080ADF81A60BDF8F3
:104BC0001A00ADF81A00BDF81A002080ADF81A706E
:104BD000BDF81A00ADF81A00BDF81A002080ADF833
:104BE0001A60BDF81A00ADF81A00BDF81A0020804E
:104BF000ADF81A20BDF81A00ADF81A00BDF81A0079
:104C00002080ADF81A60BDF81A00ADF81A00BDF8A2
:104C10001A002080ADF81A50BDF81A00ADF81A003D
:104C2000BDF81A002080ADF81A60BDF81A00ADF882
:104C30001A00BDF81A002080D620ADF81A00BDF881
:104C40001A00ADF81A00BDF81A002080ADF81A60FD
:104C5000BDF81A00ADF81A00BDF81A002080DD205A
:104C6000ADF81A00BDF81A00ADF81A00BDF81A0028
:104C70002080ADF81A60BDF81A00ADF81A00BDF832
:104C80001A002080ADF81AC0BDF81A00ADF81A005D
:104C9000BDF81A002080ADF81A60BDF81A00ADF812
:104CA0001A00BDF81A002080E320ADF81A00BDF804
:104CB0001A00ADF81A00BDF81A0024F8020CADF87D
:104CC0001A80BDF81A004FF09308ADF81A00BDF82D
:104CD0001A002080ADF81A60BDF81A00ADF81A006D
:104CE000BDF81A0020800A20ADF81A00BDF81A009D
:104CF000ADF81A00BDF81A002080ADF81A60BDF8B2
:104D00001A00ADF81A00BDF81A0020801C20ADF87A
:104D10001A00BDF81A00ADF81A00BDF81A0020807C
:104D2000ADF81A60BDF81A00ADF81A00BDF81A0007
:104D300020803320ADF81A00BDF81A00ADF81A0033
:104D4000BDF81A002080ADF81A60BDF81A00ADF861
:104D50001A00BDF81A002080ADF81AB0BDF81A008C
:104D60004FF0740BADF81A00BDF81A002080ADF8B2
:104D70001A60BDF81A00ADF81A00BDF81A002080BC
:104D80005020ADF81A00BDF81A00ADF81A00BDF8B1
:104D90001A002080ADF81A60BDF81A00ADF81A00AC
:104DA000BDF81A0020806220ADF81A00BDF81A0084
:104DB000ADF81A00BDF81A002080ADF81A60BDF8F1
:104DC0001A00ADF81A00BDF81A0020807820ADF85E
:104DD0001A00BDF81A00ADF81A00BDF81A002080BC
:104DE000ADF81A60BDF81A00ADF81A00BDF81A0047
:104DF0002080ADF81AE0BDF81A004FF0C40EADF8EF
:104E00001A00BDF81A002080ADF81A60BDF81A002B
:104E1000ADF81A00BDF81A002080ADF81AA0BDF850
:104E20001A004FF0840AADF81A00BDF81A0020806D
:104E3000ADF81A60BDF81A00ADF81A00BDF81A00F6
:104E40002080ADF81A30BDF81A00ADF81A00BDF890
:104E50001A002080ADF81A60BDF81A00ADF81A00EB
:104E6000BDF81A002080ADF81A10BDF81A00012113
:104E7000ADF81A00BDF81A002080ADF81A60BDF830
:104E80001A00ADF81A00BDF81A002080ADF81A70AB
:104E9000BDF81A00A227ADF81A00BDF81A0020804C
:104EA000ADF81A60BDF81A00ADF81A00BDF81A0086
:104EB0002080ADF81A20BDF81A00ADF81A00BDF830
:104EC0001A002080ADF81A60BDF81A00ADF81A007B
:104ED000BDF81A002080ADF81A50BDF81A00B325AD
:104EE000ADF81A00BDF81A002080ADF81A60BDF8C0
:104EF0001A00ADF81A00BDF81A002080D520ADF8D0
:104F00001A00BDF81A00ADF81A00BDF81A0020808A
:104F1000ADF81A60BDF81A00ADF81A00BDF81A0015
:104F20002080DD20ADF81A00BDF81A00ADF81A0097
:104F3000BDF81A002080ADF81A60BDF81A00ADF86F
:104F40001A00BDF81A002080ADF81AC0BDF81A008A
:104F50004FF0CD0CADF81A00BDF81A002080ADF866
:104F60001A60BDF81A00ADF81A00BDF81A002080CA
:104F7000E420ADF81A00BDF81A00ADF81A00BDF82B
:104F80001A0024F8020CADF81A10BDF81A00ADF89A
:104F90001A00BDF81A002080ADF81A60BDF81A009A
:104FA000ADF81A00BDF81A002080ADF81A10BDF84F
:104FB0001A00ADF81A00BDF81A002080ADF81A608A
:104FC000BDF81A00ADF81A00BDF81A0020800220C2
:104FD000ADF81A00BDF81A00ADF81A00BDF81A00B5
:104FE0002080ADF81A60BDF81A00ADF81A00BDF8BF
:104FF0001A0020802A20ADF81A00BDF81A00ADF87A
:105000001A00BDF81A002080ADF81A60BDF81A0029
:10501000ADF81A00BDF81A0020803C20ADF81A0047
:10502000BDF81A00ADF81A00BDF81A002080ADF8DE
:105030001A60BDF81A00ADF81A00BDF81A002080F9
:105040004B20ADF81A00BDF81A00ADF81A00BDF8F3
:105050001A002080ADF81A60BDF81A00ADF81A00E9
:10506000BDF81A0020805D20ADF81A00BDF81A00C6
:10507000ADF81A00BDF81A002080ADF81A60BDF82E
:105080001A00ADF81A00BDF81A002080ADF81AB069
:10509000BDF81A00ADF81A00BDF81A002080ADF86E
:1050A0001A60BDF81A00ADF81A00BDF81A00208089
:1050B000ADF81AA0BDF81A00ADF81A00BDF81A0034
:1050C0002080ADF81A60BDF81A00ADF81A00BDF8DE
:1050D0001A002080ADF81A80BDF81A00ADF81A0049
:1050E000BDF81A002080ADF81A60BDF81A00ADF8BE
:1050F0001A00BDF81A002080ADF81A70BDF81A0029
:10510000ADF81A00BDF81A002080ADF81A60BDF89D
:105110001A00ADF81A00BDF81A002080ADF81A5038
:10512000BDF81A00ADF81A00BDF81A002080ADF8DD
:105130001A60BDF81A00ADF81A00BDF81A002080F8
:10514000BE20ADF81A00BDF81A10ADF81A10BDF85F
:105150001A102180ADF81A60BDF81A10ADF81A10B7
:10516000BDF81A102180ADF81AE0BDF81A10ADF89C
:105170001A10BDF81A102180ADF81A60BDF81A1087
:10518000ADF81A10BDF81A102180ADF81AC0BDF89C
:105190001A20DD21ADF81A20BDF81A202280ADF8C2
:1051A0001A60BDF81A20ADF81A20BDF81A20228026
:1051B000D322ADF81A20BDF81A30ADF81A30BDF878
:1051C0001A302380ADF81A60BDF81A30ADF81A30E5
:1051D000BDF81A302380ADF81A10BDF81A30F3214B
:1051E000ADF81A30BDF81A302380ADF81A60BDF85A
:1051F0001A30ADF81A30BDF81A302380ADF81A1005
:10520000BDF81A30ADF81A30BDF81A302380ADF869
:105210001A60BDF81A30ADF81A30BDF81A30238084
:10522000E523ADF81A30BDF81A30ADF81A30BDF8E4
:105230001A3024F8023CADF81A60BDF81A30ADF807
:105240001A30BDF81A302380ADF81A60BDF81A3054
:10525000ADF81A30BDF81A302380ADF81A60BDF8E9
:105260001A30ADF81A30BDF81A302380ADF81A6044
:10527000BDF81A30ADF81A30BDF81A302380022379
:10528000ADF81A30BDF81A30ADF81A30BDF81A3042
:105290002380ADF81A60BDF81A30ADF81A30BDF8A9
:1052A0001A3023802923ADF81A30BDF81A30ADF832
:1052B0001A30BDF81A302380ADF81A60BDF81A30E4
:1052C000ADF81A30BDF81A3023803C23ADF81A30FF
:1052D000BDF81A30ADF81A30BDF81A302380ADF899
:1052E0001A60BDF81A30ADF81A30BDF81A302380B4
:1052F0004B23ADF81A30BDF81A30ADF81A30BDF8AE
:105300001A302380ADF81A60BDF81A30ADF81A30A3
:10531000BDF81A3023805D23ADF81A30BDF81A307D
:10532000ADF81A30BDF81A302380ADF81A60BDF818
:105330001A30ADF81A30BDF81A302380ADF81AB023
:10534000BDF81A304FF0550BADF81A30BDF81A30D1
:105350002380ADF81A60BDF81A30ADF81A30BDF8E8
:105360001A302380ADF81AA0BDF81A304FF0560A53
:10537000ADF81A30BDF81A302380ADF81A60BDF8C8
:105380001A30ADF81A30BDF81A302380ADF81A8003
:10539000BDF81A304FF07708ADF81A30BDF81A3062
:1053A0002380ADF81A60BDF81A30ADF81A30BDF898
:1053B0001A302380ADF81A70BDF81A304427ADF8C2
:1053C0001A30BDF81A302380ADF81A60BDF81A30D3
:1053D000ADF81A30BDF81A302380ADF81A50BDF878
:1053E0001A304525ADF81A30BDF81A302380ADF8D3
:1053F0001A60BDF81A30ADF81A30BDF81A302380A3
:10540000ADF81A00BDF81A007623ADF81A00BDF801
:105410001A002080ADF81A60BDF81A00ADF81A0025
:10542000BDF81A002080ADF81AE0BDF81A004FF060
:10543000BB0EADF81A00BDF81A002080ADF81A6056
:10544000BDF81A00ADF81A00BDF81A002080ADF8BA
:105450001AC0BDF81A004FF0110CADF81A00BDF8D3
:105460001A002080ADF81A60BDF81A00ADF81A00D5
:10547000BDF81A002080ADF81A20BDF81A00662287
:10548000ADF81A00BDF81A002080ADF81A60BDF81A
:105490001A00ADF81A00BDF81A002080DC20ADF823
:1054A0001A00BDF81A00ADF81A00BDF81A002080E5
:1054B000ADF81A60BDF81A00ADF81A00BDF81A0070
:1054C0002080ADF81A10BDF81A009921ADF81A0025
:1054D000BDF81A002080ADF81A60BDF81A00ADF8CA
:1054E0001A00BDF81A002080E620ADF81A00BDF8B9
:1054F0001A00ADF81A00BDF81A0024F8020CADF835
:105500001AC0BDF81A00ADF81A00BDF81A002080C4
:10551000ADF81A60BDF81A00ADF81A00BDF81A000F
:1055200020803420ADF81A00BDF81A00ADF81A003A
:10553000BDF81A002080ADF81A60BDF81A00ADF869
:105540001A00BDF81A002080ADF81AA0BDF81A00A4
:10555000ADF81A00BDF81A002080ADF81A60BDF849
:105560001A00ADF81A00BDF81A002080ADF81A3004
:10557000BDF81A00ADF81A00BDF81A002080ADF889
:105580001A60BDF81A00ADF81A00BDF81A002080A4
:10559000ADF81A80BDF81A00ADF81A00BDF81A006F
:1055A0002080ADF81A60BDF81A00ADF81A00BDF8F9
:1055B0001A002080ADF81A20BDF81A00ADF81A00C4
:1055C000BDF81A002080ADF81A60BDF81A00ADF8D9
:1055D0001A00BDF81A0020808820ADF81A00BDF826
:1055E0001A00ADF81A00BDF81A002080ADF81A6054
:1055F000BDF81A00ADF81A00BDF81A002080ADF809
:105600001A10BDF81A00ADF81A00BDF81A00208073
:10561000ADF81A60BDF81A00ADF81A00BDF81A000E
:105620002080ADF81AE0BDF81A00ADF81A00BDF8F8
:105630001A002080ADF81A60BDF81A00ADF81A0003
:10564000BDF81A002080ADF81A10BDF81A00ADF8A8
:105650001A00BDF81A002080ADF81A60BDF81A00D3
:10566000ADF81A00BDF81A002080ADF81A20BDF878
:105670001A00ADF81A00BDF81A002080ADF81A60C3
:10568000BDF81A00ADF81A00BDF81A002080ADF878
:105690001AB0BDF81A00ADF81A00BDF81A00208043
:1056A000ADF81A60BDF81A00ADF81A00BDF81A007E
:1056B0002080ADF81AB0BDF81A00ADF81A00BDF898
:1056C0001A002080ADF81A60BDF81A00ADF81A0073
:1056D000BDF81A002080ADF81A50BDF81A00ADF8D8
:1056E0001A00BDF81A002080ADF81A60BDF81A0043
:1056F000ADF81A00BDF81A0020804320ADF81A005A
:10570000BDF81A00ADF81A00BDF81A002080ADF8F7
:105710001A60BDF81A00ADF81A00BDF81A00208012
:10572000ADF81A70BDF81A00ADF81A00BDF81A00ED
:105730002080ADF81A60BDF81A00ADF81A00BDF867
:105740001A002080E720ADF81A00BDF81A00ADF865
:105750001A00BDF81A0024F8020C3220ADF81A0025
:10576000BDF81A00ADF81A00BDF81A002080ADF897
:105770001A60BDF81A00ADF81A00BDF81A002080B2
:10578000ADF81AB0BDF81A00ADF81A00BDF81A004D
:105790002080ADF81A60BDF81A00ADF81A00BDF807
:1057A0001A002080ADF81A30BDF81A00ADF81A00C2
:1057B000BDF81A002080ADF81A60BDF81A00ADF8E7
:1057C0001A00BDF81A002080ADF81A20BDF81A00A2
:1057D000ADF81A00BDF81A002080ADF81A60BDF8C7
:1057E0001A00ADF81A00BDF81A0020806720ADF845
:1057F0001A00BDF81A30ADF81A30BDF81A302380FF
:10580000ADF81A60BDF81A30ADF81A30BDF81A308C
:105810002380ADF81A00BDF81A00ADF81A00BDF8E3
:105820001A002080ADF81A60BDF81A00ADF81A0011
:10583000BDF81A0020808720ADF81A00BDF81A3094
:10584000ADF81A30BDF81A302380ADF81A60BDF8F3
:105850001A30ADF81A30BDF81A302380ADF81A109E
:10586000BDF81A30ADF81A30BDF81A302380ADF803
:105870001A60BDF81A30ADF81A30BDF81A3023801E
:10588000ADF81AE0BDF81A30ADF81A30BDF81A308C
:105890002380ADF81A60BDF81A30ADF81A30BDF8A3
:1058A0001A302380ADF81A10BDF81A30ADF81A304E
:1058B000BDF81A302380ADF81A60BDF81A30ADF883
:1058C0001A30BDF81A302380ADF81A80BDF81A30AE
:1058D000ADF81A30BDF81A302380ADF81A60BDF863
:1058E0001A30ADF81A30BDF81A302380ADF81A70AE
:1058F000BDF81A302927ADF81A30BDF81A302380C8
:10590000ADF81A60BDF81A30ADF81A30BDF81A308B
:105910002380ADF81AA0BDF81A30ADF81A30BDF8E2
:105920001A302380ADF81A60BDF81A30ADF81A307D
:10593000BDF81A3023802323ADF81A30BDF81A3091
:10594000ADF81A30BDF81A302380ADF81A60BDF8F2
:105950001A30ADF81A30BDF81A3023803323ADF871
:105960001A30BDF81A30ADF81A30BDF81A3023805D
:10597000ADF81A60BDF81A30ADF81A30BDF81A301B
:105980002380ADF81A50BDF81A30ADF81A30BDF8C2
:105990001A302380ADF81A60BDF81A30ADF81A300D
:1059A000BDF81A302380E823ADF81A30BDF81A305C
:1059B000ADF81A30BDF81A3024F8023CADF81A6080
:1059C000BDF81A30ADF81A30BDF81A302380ADF8A2
:1059D0001A60BDF81A30ADF81A30BDF81A302380BD
:1059E000ADF81A10BDF81A30ADF81A30BDF81A30FB
:1059F0002380ADF81A60BDF81A30ADF81A30BDF842
:105A00001A302380ADF81A00BDF81A008823ADF8CB
:105A10001A00BDF81A002080ADF81A60BDF81A000F
:105A2000ADF81A00BDF81A002080ADF81A30BDF8A4
:105A30001A00ADF81A00BDF81A002080ADF81A60FF
:105A4000BDF81A00ADF81A00BDF81A002080ADF8B4
:105A50001A80BDF81A00ADF81A00BDF81A002080AF
:105A6000ADF81A60BDF81A00ADF81A00BDF81A00BA
:105A70002080ADF81A20BDF81A00ADF81A00BDF864
:105A80001A002080ADF81A60BDF81A00ADF81A00AF
:105A9000BDF81A002080ADF81A30BDF81A00AA230C
:105AA000ADF81A00BDF81A002080ADF81A60BDF8F4
:105AB0001A00ADF81A00BDF81A002080ADF81A30AF
:105AC000BDF81A00ADF81A00BDF81A002080ADF834
:105AD0001A60BDF81A00ADF81A00BDF81A0020804F
:105AE000ADF81AE0BDF81A00ADF81A00BDF81A00BA
:105AF0002080ADF81A60BDF81A00ADF81A00BDF8A4
:105B00001A002080ADF81A10BDF81A004421ADF833
:105B10001A00BDF81A002080ADF81A60BDF81A000E
:105B2000ADF81A00BDF81A002080ADF81A20BDF8B3
:105B30001A00ADF81A00BDF81A002080ADF81A60FE
:105B4000BDF81A00ADF81A00BDF81A002080ADF8B3
:105B50001AB0BDF81A00ADF81A00BDF81A0020807E
:105B6000ADF81A60BDF81A00ADF81A00BDF81A00B9
:105B70002080ADF81AB0BDF81A00ADF81A00BDF8D3
:105B80001A002080ADF81A60BDF81A00ADF81A00AE
:105B9000BDF81A002080ADF81A10BDF81A00ADF853
:105BA0001A00BDF81A002080ADF81A60BDF81A007E
:105BB000ADF81A00BDF81A002080ADF81A10BDF833
:105BC0001A00AA21ADF81A00BDF81A002080ADF81D
:105BD0001A60BDF81A00ADF81A00BDF81A0020804E
:105BE000ADF81AB0BDF81A00ADF81A00BDF81A00E9
:105BF0002080ADF81A60BDF81A00ADF81A00BDF8A3
:105C00001A002080E920ADF81A00BDF81A00ADF89E
:105C10001A00BDF81A0024F8020CADF81A30BDF8CD
:105C20001A00ADF81A00BDF81A002080ADF81A600D
:105C3000BDF81A00ADF81A00BDF81A002080ADF8C2
:105C40001A60BDF81A00ADF81A00BDF81A002080DD
:105C5000ADF81A60BDF81A00ADF81A00BDF81A00C8
:105C60002080ADF81A60BDF81A00ADF81A00BDF832
:105C70001A0024F8020CADF81A10BDF81A00ADF89D
:105C80001A00BDF81A002080CF20ADF81A00BDF828
:105C90001A00ADF81A00BDF81A0024F8020CADF88D
:105CA0001A60BDF81A00ADF81A00BDF81A0020807D
:105CB000ADF81A60BDF81A00ADF81A00BDF81A0068
:105CC0002080ADF81A60BDF81A00ADF81A00BDF8D2
:105CD0001A002080ADF81A60BDF81A00ADF81A005D
:105CE000BDF81A002080ADF81A60BDF81A00ADF8B2
:105CF0001A00BDF81A002080ADF81A60BDF81A002D
:105D0000ADF81A00BDF81A002080ADF81A60BDF891
:105D10001A00ADF81A00BDF81A002080ADF81A601C
:105D2000BDF81A00ADF81A00BDF81A002080ADF8D1
:105D30001A60BDF81A00ADF81A00BDF81A002080EC
:105D4000ADF81A60BDF81A00ADF81A00BDF81A00D7
:105D50002080ADF81A60BDF81A00ADF81A00BDF841
:105D60001A002080ADF81A60BDF81A00ADF81A00CC
:105D7000BDF81A002080ADF81A60BDF81A00ADF821
:105D80001A00BDF81A002080ADF81A60BDF81A009C
:105D9000ADF81A00BDF81A002080ADF81A60BDF801
:105DA0001A00ADF81A00BDF81A002080ADF81A608C
:105DB000BDF81A00ADF81A00BDF81A002080ADF841
:105DC0001A60BDF81A00ADF81A00BDF81A0020805C
:105DD000F020ADF81A00BDF81A00ADF81A00BDF8B1
:105DE0001A0024F8020CADF81A60BDF81A00ADF8DC
:105DF0001A00BDF81A0020805020ADF81A00BDF836
:105E00001A00ADF81A00BDF81A002080ADF81A602B
:105E1000BDF81A00ADF81A00BDF81A002080ADF8E0
:105E20001A60BDF81A00ADF81A00BDF81A002080FB
:105E3000ADF81A60BDF81A00ADF81A00BDF81A00E6
:105E40002080F320ADF81A00BDF81A00ADF81A0052
:105E5000BDF81A0024F8020CADF81A60BDF81A005B
:105E6000ADF81A00BDF81A002080F920ADF81A002C
:105E7000BDF81A00ADF81A00BDF81A0024F8020C9B
:105E80000620ADF81A00BDF81A00ADF81A00BDF8EA
:105E90001A0020801020ADF81A00BDF81A00ADF8E5
:105EA0001A00BDF81A002080ADF81A70BDF81A006B
:105EB000ADF81A00BDF81A002080ADF81A60BDF8E0
:105EC0001A00ADF81A00BDF81A0020803A20ADF88B
:105ED0001A00BDF81A00ADF81A00BDF81A0024F82F
:105EE000020CADF81AB0BDF81A00ADF81A00BDF8F2
:105EF0001A002080ADF81AC0BDF81A00ADF81A00DB
:105F0000BDF81A0024F8020C6420FBF7EDFAADF896
:105F10001A70BDF81A002C21ADF81A00BDF81A004D
:105F200024F8020C3520ADF81A00BDF81A00ADF8BF
:105F30001A00BDF81A0024F8020CADF81A60BDF87A
:105F40001A00ADF81A00BDF81A0020805120ADF8F3
:105F50001A00BDF81A00ADF81A00BDF81A0024F8AE
:105F6000020CFF20ADF81A00BDF81A00ADF81A00B7
:105F7000BDF81A0020805320ADF81A00BDF81A00B1
:105F8000ADF81A00BDF81A0024F8020CADF81A108A
:105F9000BDF81A00ADF81A00BDF81A002080ADF85F
:105FA0001AB0BDF81A00ADF81A00BDF81A0024F8AE
:105FB000020C8220ADF81A00BDF81A00ADF81A00E4
:105FC000BDF81A002080ADF81A1001F0F5BA00BF34
:105FD0004FF4704024F8020C552020804FF201004D
:105FE000CFF6FF70AA2124F8020C2180411C0491F5
:105FF00024F8021C52212180811C039124F8021CE8
:1060000008212180C11C029124F8021C01214FF4B7
:1060100030404BF20116218024F8020C0D2305F5C7
:10602000E650CFF6FF764BF2015C238024F8020C99
:10603000A6F1FF00CFF6FF7C4BF20175238024F818
:10604000020C4FF4364034220CF58077CFF6FF7502
:10605000238024F8020C228024F8027CA5F1FF079B
:10606000228024F8027C4FF43147228024F8027CFD
:10607000771C238024F8026C238024F8027C238080
:106080004FF4374324F8023C6B1C4BF2012722806B
:1060900024F8025C228024F8023C4FF43243CFF60D
:1060A000FF77228024F8023C00267B1C268024F8FF
:1060B000027C268024F8023C4FF438434BF601055D
:1060C000268024F8023C2423CFF6FF75238024F891
:1060D000025C681CAE464FF43F452380019024F8D3
:1060E000020C238024F8025C4FF43345218024F80D
:1060F000025C0F2507F58077258024F8027C4BF29F
:106100000237258024F8027C4FF43947258024F893
:10611000027C0EF58077228024F8027C4BF6021771
:10612000CFF6FF774FF43545228024F8027C228099
:1061300024F8025C08250CF10100258024F802CC2B
:10614000258024F8020C4FF44240258024F8020CEC
:1061500003204FF43A45208024F8025C07F1FF0544
:10616000238024F8025C07F580774BF601452380F5
:1061700024F8027C23804FF43C43CFF6FF7524F8CB
:10618000023C78236F1C268024F8025C2380009751
:1061900024F8027C4FF43D47268024F8027C05F564
:1061A0008077268024F8027C23804BF60253CFF6BA
:1061B000FF7324F8023C4FF43E47FF33268024F857
:1061C000027C268024F8023C64234DF2011B2380CC
:1061D0004FF45143CFF6FF7B24F8023C33230BF1FD
:1061E0000107268024F802BC238024F8027C0BF1EE
:1061F0000207268024F8027C0BF10307228024F892
:10620000027C0BF10407268024F8027C3A272780C1
:106210000BF1050724F8027C0BF10607268024F811
:10622000027C4A2727800BF1070724F8027C0BF138
:106230000807268024F8027C5C2727800BF10907D9
:1062400024F8027C0BF10A07268024F8027C8125C1
:106250000BF10B07258024F8027C0BF10C0726803C
:1062600024F8027CA6250BF10D07258024F8027C7A
:106270000BF10E07268024F8027CE5250BF10F07B1
:10628000258024F8027C0BF11007218024F8027C81
:1062900013250BF11107258024F8027C0BF112075E
:1062A000218024F8027C54250BF11307258024F863
:1062B000027C0BF11407218024F8027C82250BF16B
:1062C0001507258024F8027C0BF11607218024F89D
:1062D000027CCA250BF11707258024F8027C0225D1
:1062E0000BF11807258024F8027C0BF11907268092
:1062F00024F8027C0BF11A07258024F8027C0BF1AC
:106300001B07218024F8027C0BF11C07258024F850
:10631000027C0BF11D07228024F8027C0BF11E0782
:10632000258024F8027C672727800BF11F0724F8BB
:10633000027C0BF12007258024F8027C842727802B
:106340000BF1210724F8027C0BF12207258024F8A9
:10635000027CA42727800BF1230724F8027C0BF191
:106360002407258024F8027CB72727800BF1250716
:1063700024F8027C0BF12607258024F8027CCF2725
:1063800027800BF1270724F8027C0BF128072580D2
:1063900024F8027CDE2727800BF1290724F8027CF1
:1063A0000BF12A07258024F8027CF22727800BF1C5
:1063B0002B0724F8027C0BF12C07258024F8027CA3
:1063C000FE2727800BF12D0724F8027C0BF12E0706
:1063D000208024F8027C102727800BF12F0724F857
:1063E000027C0BF13007208024F8027C0BF131078E
:1063F000238024F8027C0BF13207208024F8027CF1
:106400006D2727804FF4524724F8027C0BF58077E4
:106410004DF2022BCFF6FF7B268024F8027C0BF195
:106420000107238024F802BC268024F8027C0BF1AB
:106430000207228024F8027C0BF103074FF03A0E8A
:10644000268024F8027C0BF10407A4F800E024F86D
:10645000027C0BF105074FF04A08268024F8027CE5
:106460000BF10607A4F8008024F8027C0BF1070763
:106470004FF05C0A268024F8027C0BF10807A4F890
:1064800000A024F8027C0BF10907268024F8027C86
:10649000812727800BF10A0724F8027C0BF10B07F8
:1064A000268024F8027CA62727800BF10C0724F80D
:1064B000027C0BF10D07268024F8027CE52727805B
:1064C0000BF10E0724F8027C0BF10F07218024F852
:1064D000027C132727800BF1100724F8027C0BF1B4
:1064E0001107218024F8027C542727800BF1120722
:1064F00024F8027C0BF11307218024F8027C822708
:1065000027800BF1140724F8027C0BF1150721807A
:1065100024F8027CCA2727800BF1160724F8027C96
:106520000BF11707258024F8027C0BF11807268051
:1065300024F8027C0BF11907258024F8027C0BF16A
:106540001A07218024F8027C0BF11B07258024F810
:10655000027C0BF11C07228024F8027C0BF11D0742
:10656000258024F8027C672727800BF11E0724F87A
:10657000027C0BF11F07258024F8027C84272780EA
:106580000BF1200724F8027C0BF12107258024F869
:10659000027CA42727800BF1220724F8027C0BF150
:1065A0002307258024F8027CB72727800BF12407D6
:1065B00024F8027C0BF12507258024F8027CCF27E4
:1065C00027800BF1260724F8027C0BF12707258092
:1065D00024F8027CDE2727800BF1280724F8027CB0
:1065E0000BF12907258024F8027CF22727800BF184
:1065F0002A0724F8027C0BF12B07258024F8027C63
:10660000FE2727800BF12C0724F8027C0BF12D07C5
:10661000208024F8027C102727800BF12E0724F815
:10662000027C0BF12F07208024F8027C0BF130074D
:10663000238024F8027C0BF131074FF06D0C208091
:1066400024F8027C4FF45347A4F800C024F8027CDD
:106650000BF1FF07268024F8027C0BF580774DF2C2
:10666000033BCFF6FF7B238024F8027C0BF101076C
:10667000268024F802BC228024F8027C0BF1020759
:10668000268024F8027C0BF10307A4F800E024F82C
:10669000027C0BF10407268024F8027C0BF105072D
:1066A000A4F8008024F8027C0BF10607268024F869
:1066B000027C0BF10707A4F800A024F8027C0BF180
:1066C0000807268024F8027C812727800BF1090720
:1066D00024F8027C0BF10A07268024F8027CA62706
:1066E00027800BF10B0724F8027C0BF10C072680A6
:1066F00024F8027CE52727800BF10D0724F8027CA3
:106700000BF10E07218024F8027C132727800BF160
:106710000F0724F8027C0BF11007218024F8027C7B
:10672000542727800BF1110724F8027C0BF1120784
:10673000218024F8027C822727800BF1130724F89C
:10674000027C0BF11407218024F8027CCA272780E1
:106750000BF1150724F8027C0BF11607258024F8AD
:10676000027C0BF11707268024F8027C0BF1180736
:10677000258024F8027C0BF11907218024F8027C83
:106780000BF11A07258024F8027C0BF11B072280ED
:1067900024F8027C0BF11C07258024F8027C672773
:1067A00027800BF11D0724F8027C0BF11E072580C2
:1067B00024F8027C842727800BF11F0724F8027C31
:1067C0000BF12007258024F8027CA42727800BF1F9
:1067D000210724F8027C0BF12207258024F8027C93
:1067E000B72727800BF1230724F8027C0BF124073D
:1067F000258024F8027CCF2727800BF1250724F879
:10680000027C0BF12607258024F8027CDE272780F6
:106810000BF1270724F8027C0BF12807258024F8C8
:10682000027CF22727800BF1290724F8027C0BF168
:106830002A07258024F8027CFE2727800BF12B07EE
:1068400024F8027C0BF12C07208024F8027C10270E
:1068500027800BF12D0724F8027C0BF12E072080F6
:1068600024F8027C0BF12F07238024F8027C0BF123
:106870003007208024F8027C4FF45447A4F800C06D
:1068800024F8027C0BF1FE07268024F8027C0BF131
:10689000FF07238024F8027C0BF580774DF2044B30
:1068A000CFF6FF7B268024F8027C0BF101072280C3
:1068B00024F802BC268024F8027C0BF10207A4F81D
:1068C00000E024F8027C0BF10307268024F8027C08
:1068D0000BF10407A4F8008024F8027C0BF10507F3
:1068E000268024F8027C0BF10607A4F800A024F807
:1068F000027C0BF10707268024F8027C8127278081
:106900000BF1080724F8027C0BF10907268024F814
:10691000027CA62727800BF10A0724F8027C0BF1E2
:106920000B07268024F8027CE52727800BF10C0753
:1069300024F8027C0BF10D07218024F8027C132738
:1069400027800BF10E0724F8027C0BF10F07218042
:1069500024F8027C542727800BF1100724F8027CCE
:106960000BF11107218024F8027C822727800BF18C
:10697000120724F8027C0BF11307218024F8027C13
:10698000CA2727800BF1140724F8027C0BF11507A6
:10699000258024F8027C0BF11607268024F8027C5F
:1069A0000BF11707258024F8027C0BF118072180D2
:1069B00024F8027C0BF11907258024F8027C0BF1E6
:1069C0001A07228024F8027C0BF11B07258024F88B
:1069D000027C672727800BF11C0724F8027C0BF14F
:1069E0001D07258024F8027C842727800BF11E07D1
:1069F00024F8027C0BF11F07258024F8027CA427D1
:106A000027800BF1200724F8027C0BF12107258059
:106A100024F8027CB72727800BF1220724F8027C98
:106A20000BF12307258024F8027CCF2727800BF168
:106A3000240724F8027C0BF12507258024F8027C2A
:106A4000DE2727800BF1260724F8027C0BF12707AD
:106A5000258024F8027CF22727800BF1280724F8F0
:106A6000027C0BF12907258024F8027CFE27278071
:106A70000BF12A0724F8027C0BF12B07208024F865
:106A8000027C102727800BF12C0724F8027C0BF1E5
:106A90002D07208024F8027C0BF12E07238024F898
:106AA000027C0BF12F07208024F8027C4FF455471D
:106AB000A4F800C024F8027C0BF1FD07268024F81E
:106AC000027C0BF1FE07238024F8027C0BF1FF0708
:106AD000268024F8027C0BF580774DF2055BCFF61B
:106AE000FF7B228024F8027C0BF10107268024F82A
:106AF00002BCA4F800E024F8027C0BF10207268017
:106B000024F8027C0BF10307A4F8008024F8027C2F
:106B10000BF10407268024F8027C0BF10507A4F88A
:106B200000A024F8027C0BF10607268024F8027CE2
:106B3000812727800BF1070724F8027C0BF1080757
:106B4000268024F8027CA62727800BF1090724F869
:106B5000027C0BF10A07268024F8027CE5272780B7
:106B60000BF10B0724F8027C0BF10C07218024F8B1
:106B7000027C132727800BF10D0724F8027C0BF110
:106B80000E07218024F8027C542727800BF10F0781
:106B900024F8027C0BF11007218024F8027C822764
:106BA00027800BF1110724F8027C0BF112072180DA
:106BB00024F8027CCA2727800BF1130724F8027CF3
:106BC0000BF11407258024F8027C0BF115072680B1
:106BD00024F8027C0BF11607258024F8027C0BF1C7
:106BE0001707218024F8027C0BF11807258024F870
:106BF000027C0BF11907228024F8027C0BF11A07A2
:106C0000258024F8027C672727800BF11B0724F8D6
:106C1000027C0BF11C07258024F8027C8427278046
:106C20000BF11D0724F8027C0BF11E07258024F8C8
:106C3000027CA42727800BF11F0724F8027C0BF1AC
:106C40002007258024F8027CB72727800BF1210735
:106C500024F8027C0BF12207258024F8027CCF2740
:106C600027800BF1230724F8027C0BF124072580F1
:106C700024F8027CDE2727800BF1250724F8027C0C
:106C80000BF12607258024F8027CF22727800BF1E0
:106C9000270724F8027C0BF12807258024F8027CC2
:106CA000FE2727800BF1290724F8027C0BF12A0725
:106CB000208024F8027C102727800BF12B0724F872
:106CC000027C0BF12C07208024F8027C0BF12D07AD
:106CD000238024F8027C0BF12E07208024F8027C0C
:106CE0006D2727804FF4564724F8027C0BF1FC07F0
:106CF000268024F8027C0BF1FD07238024F8027C17
:106D00000BF1FE07268024F8027C0BF1FF0722809E
:106D100024F8027C0BF580774DF2066BCFF6FF7BF3
:106D20004FF03A0C268024F8027C0BF101074FF05B
:106D30004A0EA4F800C024F802BC268024F8027C85
:106D40000BF10207A4F800E024F8027C0BF1030722
:106D50004FF05C08268024F8027C0BF10407A4F8AD
:106D6000008024F8027C0BF105074FF0810A268091
:106D700024F8027C0BF10607A4F800A024F8027C9A
:106D80000BF10707268024F8027CA62727800BF149
:106D9000080724F8027C0BF10907268024F8027CFE
:106DA000E52727800BF10A0724F8027C0BF10B077B
:106DB000218024F8027C132727800BF10C0724F88C
:106DC000027C0BF10D07218024F8027C54272780D8
:106DD0000BF10E0724F8027C0BF10F07218024F839
:106DE000027C822727800BF1100724F8027C0BF12C
:106DF0001107218024F8027CCA2727800BF1120793
:106E000024F8027C0BF11307258024F8027C0BF197
:106E10001407268024F8027C0BF11507258024F83E
:106E2000027C0BF11607218024F8027C0BF1170776
:106E3000258024F8027C22800BF1180224F8022C11
:106E40000BF11902258024F8022C672222800BF115
:106E50001A0224F8022C0BF11B02258024F8022CC4
:106E6000842222800BF11C0224F8022C0BF11D025B
:106E7000258024F8022CA42222800BF11E0224F883
:106E8000022C0BF11F02258024F8022CB72222804D
:106E90000BF1200224F8022C0BF12102258024F8AA
:106EA000022CCF2222800BF1220224F8022C0BF1BB
:106EB0002302258024F8022CDE2222800BF12402FA
:106EC00024F8022C0BF12502258024F8022CF22252
:106ED00022800BF1260224F8022C0BF127022580D8
:106EE00024F8022CFE2222800BF1280224F8022C26
:106EF0000BF12902208024F8022C102222800BF1B1
:106F00002A0224F8022C0BF12B02208024F8022CF8
:106F10000BF12C02238024F8022C0BF12D0220808F
:106F200024F8022C6D2222804FF4704224F8022CA7
:106F30004FF201025523CFF6FF72238024F8022C72
:106F4000AA222280049A4BF2017724F8022C5222C2
:106F50002280039ACFF6FF7724F8022C08222280A1
:106F6000029A24F8022C4FF43142268024F8022C95
:106F7000CC2222804BF20112CFF6FF7224F8022CB1
:106F80004FF43642268024F8022C052222804FF44A
:106F9000374224F8022C7022228024F8027C2280BE
:106FA0004FF4384224F8022C21804BF60101CFF631
:106FB000FF7124F8021C2080019A023124F8022C6F
:106FC000208024F8021C20804FF43C4024F8020C5E
:106FD0004BF60140CFF6FF70258024F8020C268086
:106FE0000098502124F8020C4FF44940268024F8E0
:106FF000020CD02020804CF20150CFF6FF7000F53B
:10700000806024F8020C4CF60210CFF6FF70258049
:1070100024F8020C421C0230218024F8022C21802A
:1070200024F8020C4FF45450218024F8020C4FF441
:107030006850268024F8020C4FF488502380ADF865
:107040001A00BDF81A00ADF81A00BDF81A0024F8AD
:10705000020C782003F0C2FB4FF42450AAE200BFD8
:107060001120ADF81A00BDF81A00ADF81A00BDF8ED
:107070001A0024F8020C7820FAF736FA3620ADF818
:107080001A00BDF81A004FF0000EADF81A00BDF856
:107090001A004FF0010C24F8020CADF81AE0BDF80C
:1070A0001A00D023ADF81A00BDF81A004FF00208FC
:1070B00020803A20ADF81A00BDF81A000726ADF876
:1070C0001A00BDF81A000A2524F8020C0520ADF8B4
:1070D0001A00BDF81A00ADF81A00BDF81A00208099
:1070E000B220ADF81A00BDF81A00ADF81A00BDF8CC
:1070F0001A0024F8020C0C20ADF81A00BDF81A1082
:10710000ADF81A10BDF81A102180ADF81A00BDF8BC
:107110001A10ADF81A10BDF81A102180ADF81AE057
:10712000BDF81A10ADF81A10BDF81A1021803321DD
:10713000ADF81A10BDF81A20ADF81A20BDF81A20C3
:107140002280ADF81A10BDF81A103222ADF81A10CC
:10715000BDF81A102180B721ADF81A10BDF81A1029
:10716000ADF81A10BDF81A1024F8021C3521ADF83C
:107170001A10BDF81A10ADF81A10BDF81A102180B7
:10718000BB21ADF81A10BDF81A10ADF81A10BDF8F1
:107190001A1024F8021CADF81A20BDF81A10ADF828
:1071A0001A10BDF81A102180C021ADF81A10BDF8D0
:1071B0001A10ADF81A10BDF81A1024F8021CADF818
:1071C0001A00BDF81A002821ADF81A00BDF81A00FF
:1071D0002080C220ADF81A00BDF81A00ADF81A00E0
:1071E000BDF81A0024F8020CADF81AC0BDF81A0058
:1071F000ADF81A00BDF81A002080C320ADF81A00BF
:10720000BDF81A00ADF81A00BDF81A0024F8020CF7
:107210001020ADF81A00BDF81A00ADF81A00BDF83C
:107220001A002080C420ADF81A00BDF81A00ADF88D
:107230001A00BDF81A0024F8020C2020ADF81A003C
:10724000BDF81A00ADF81A00BDF81A002080C6205B
:10725000ADF81A00BDF81A00ADF81A00BDF81A0012
:1072600024F8020C0F20ADF81A00BDF81A00ADF892
:107270001A00BDF81A002080ADF81A30BDF81A00C7
:10728000ADF81A00BDF81A0024F8020CA420ADF8DD
:107290001A00BDF81A00ADF81A00BDF81A002080D7
:1072A000A120ADF81A00BDF81A00ADF81A00BDF81B
:1072B0001A002080E020ADF81A00BDF81A00ADF8E1
:1072C0001A00BDF81A0024F8020CADF81A30BDF807
:1072D0001A00ADF81A00BDF81A002080ADF81AE0C7
:1072E000BDF81A00ADF81A00BDF81A002080ADF8FC
:1072F0001A80BDF81A00ADF81A00BDF81A002080F7
:10730000ADF81A60BDF81A00ADF81A00BDF81A0001
:107310002080ADF81A50BDF81A00ADF81A00BDF87B
:107320001A002080ADF81A10BDF81A00ADF81A0046
:10733000BDF81A002080ADF81A20BDF81A000E2200
:10734000ADF81A00BDF81A0020804420ADF81A00EC
:10735000BDF81A00ADF81A00BDF81A0020804220CE
:10736000ADF81A00BDF81A00ADF81A00BDF81A0001
:1073700020800620ADF81A00BDF81A00ADF81A00FA
:10738000BDF81A002080ADF81A20BDF81A00ADF83B
:107390001A00BDF81A0020801220ADF81A00BDF8BE
:1073A0001A00ADF81A00BDF81A0020801420ADF8BC
:1073B0001A00BDF81A00ADF81A00BDF81A002080B6
:1073C0001720ADF81A00BDF81A70ADF81A70BDF8A4
:1073D0001A702780E127ADF81A70BDF81A70ADF861
:1073E0001A70BDF81A7024F8027CADF81A30BDF896
:1073F0001A30ADF81A30BDF81A302380ADF81AE013
:10740000BDF81A30ADF81A30BDF81A302380ADF847
:107410001A80BDF81A30ADF81A30BDF81A30238042
:10742000ADF81A60BDF81A30ADF81A30BDF81A3050
:107430002380ADF81A50BDF81A30ADF81A30BDF8F7
:107440001A302380ADF81A10BDF81A10ADF81A10D2
:10745000BDF81A1021803121ADF81A10BDF81A10AC
:10746000ADF81A10BDF81A1021805421ADF81A1089
:10747000BDF81A10ADF81A10BDF81A102180472176
:10748000ADF81A10BDF81A10ADF81A10BDF81A10A0
:107490002180ADF81A20BDF81A10ADF81A10BDF809
:1074A0001A1021801C21ADF81A10BDF81A10ADF881
:1074B0001A10BDF81A102180ADF81A00BDF81A0094
:1074C000ADF81A00BDF81A0020801B20ADF81A0094
:1074D000BDF81A00ADF81A00BDF81A0020801E2071
:1074E000ADF81A00BDF81A00ADF81A00BDF81A0080
:1074F00020802A20ADF81A00BDF81A00ADF81A0055
:10750000BDF81A0024F8020CADF81AE0BDF81A0014
:10751000ADF81A00BDF81A002080ADF81AE0BDF8E9
:107520001A00ADF81A00BDF81A002080ADF81AE074
:10753000BDF81A00ADF81A00BDF81A002080EF203F
:10754000ADF81A00BDF81A00ADF81A00BDF81A001F
:1075500020802B20ADF81A00BDF81A00ADF81A00F3
:10756000BDF81A0024F8020CADF81AE0BDF81A00B4
:10757000ADF81A00BDF81A002080ADF81AE0BDF889
:107580001A00ADF81A00BDF81A002080ADF81AC034
:10759000BDF81A00ADF81A00BDF81A0020803F208F
:1075A000ADF81A00BDF81A00ADF81A00BDF81A00BF
:1075B00020802920ADF81A00BDF81A00ADF81A0095
:1075C000BDF81A0024F8020C6BE200BFE220ADF80F
:1075D0001A00BDF81A000227ADF81A00BDF81A000B
:1075E00024F8020C1D20ADF81A00BDF81A00ADF801
:1075F0001A00BDF81A002080ADF81A70BDF81A0004
:10760000ADF81A00BDF81A0020800420ADF81A0069
:10761000BDF81A00ADF81A00BDF81A0020806420E9
:1076200003F0DCF8E026ADF81A60BDF81A00012579
:10763000ADF81A00BDF81A0024F8020CADF81A5083
:10764000BDF81A00ADF81A00BDF81A0020800A2013
:10765000F9F74AFFADF81A60BDF81A000326ADF835
:107660001A00BDF81A0024F8020CADF81A60BDF833
:107670001A00ADF81A00BDF81A0020800C20F9F7A6
:1076800033FFADF81A50BDF81A00ADF81A00BDF876
:107690001A0024F8020C0A20F9F726FFE620ADF8BC
:1076A0001A00BDF81A004FF0FF0CADF81A00BDF833
:1076B0001A0024F8020C2F20ADF81A00BDF81A00A9
:1076C000ADF81A00BDF81A002080ADF81AC0BDF858
:1076D0001A10ADF81A10BDF81A102180ADF81AC0B2
:1076E000BDF81A10ADF81A10BDF81A102180B0219B
:1076F000ADF81A10BDF81A10ADF81A10BDF81A102E
:1077000024F8021C2021ADF81A10BDF81A10ADF8AB
:107710001A10BDF81A1021800021ADF81A10BDF81A
:107720001A20ADF81A20BDF81A202280ADF81A50A0
:10773000BDF81A20ADF81A20BDF81A20228040F2B8
:107740003F12ADF81A20BDF81A20ADF81A20BDF886
:107750001A202280ADF81A10BDF81A20ADF81A20B0
:10776000BDF81A202280EF22ADF81A20BDF81A20A9
:10777000ADF81A20BDF81A202280ADF81A10BDF815
:107780001A20ADF81A20BDF81A202280B422ADF8D4
:107790001A20BDF81A20ADF81A20BDF81A2024F8D6
:1077A000022CADF81A70BDF81A20ADF81A20BDF8F9
:1077B0001A20228040F23F22ADF81A20BDF81A208C
:1077C000ADF81A20BDF81A202280ADF81A10BDF8C5
:1077D0001A20ADF81A20BDF81A2022802E22ADF80A
:1077E0001A20BDF81A20ADF81A20BDF81A20228000
:1077F000ADF81A10BDF81A20ADF81A20BDF81A20FD
:107800002280ADF81A10BDF81A20ADF81A20BDF884
:107810001A202280ADF81A10BDF81A20ADF81A20EF
:10782000BDF81A202280ADF81A10BDF81A20ADF864
:107830001A20BDF81A202280B622ADF81A20BDF811
:107840001A20ADF81A20BDF81A2024F8022CADF841
:107850001A50BDF81A20ADF81A20BDF81A2022805F
:107860004FF48E72ADF81A20BDF81A20ADF81A2028
:10787000BDF81A202280ADF81A10BDF81A20ADF814
:107880001A20BDF81A2022801722ADF81A20BDF860
:107890001A20ADF81A20BDF81A2022801522ADF862
:1078A0001A20BDF81A20ADF81A20BDF81A2022803F
:1078B000ADF81A10BDF81A20ADF81A20BDF81A203C
:1078C0002280ADF81A10BDF81A20ADF81A20BDF8C4
:1078D0001A202280F022ADF81A20BDF81A20ADF847
:1078E0001A20BDF81A2024F8022CADF81A60BDF851
:1078F0001A20ADF81A20BDF81A2022802922ADF8EE
:107900001A20BDF81A20ADF81A20BDF81A2024F864
:10791000022CD022ADF81A20BDF81A20ADF81A209A
:10792000BDF81A2024F8022CADF81A10BDF81A2060
:10793000ADF81A20BDF81A202280BE22ADF81A2018
:10794000BDF81A30ADF81A30BDF81A3024F8023CF0
:107950000523ADF81A30BDF81A70ADF81A70BDF8ED
:107960001A702780FE27ADF81A70BDF81A00ADF81E
:107970001A00BDF81A002080ADF81A50BDF81A00A0
:10798000ADF81A00BDF81A002080ADF81A10BDF845
:107990001A00ADF81A00BDF81A002080ADF81A10D0
:1079A000BDF81A00ADF81A00BDF81A002080ADF835
:1079B0001A10BDF81A00ADF81A00BDF81A002080A0
:1079C000B820ADF81A00BDF81A00ADF81A00BDF8DD
:1079D0001A0024F8020CADF81A60BDF81A00ADF8D0
:1079E0001A00BDF81A002080ADF81A50BDF81A0030
:1079F000ADF81A00BDF81A002080BA20ADF81A00C0
:107A0000BDF81A00ADF81A00BDF81A0024F8020CEF
:107A1000ADF81A50BDF81A00ADF81A00BDF81A00FA
:107A20002080ADF81A20BDF81A00ADF81A00BDF894
:107A30001A0024F8020CADF81A30BDF81A00ADF89F
:107A40001A00BDF81A002080ADF81A70BDF81A00AF
:107A5000ADF81A00BDF81A002080ADF81A50BDF834
:107A60001A00ADF81A00BDF81A002080ADF81AC04F
:107A7000BDF81A00ADF81A00BDF81A002080ADF864
:107A80001A10BDF81A00ADF81A00BDF81A002080CF
:107A9000ADF81A10BDF81A00ADF81A00BDF81A00BA
:107AA0002080B9F80600002189F80810F02145F27D
:107AB0001052C0F240119042C9F8021008D041F6AD
:107AC0006311884216D12A202B212C2206E000BF08
:107AD0004FF42C504FF428514FF43052A9F80A209B
:107AE000A9F80C10A9F80E004FF448704FF4F0718B
:107AF00010E000BF2C21C0F22A0145F21032C9F873
:107B00000A102B219042A9F80E1007D14FF4F07003
:107B10004FF4A071A9F80210A9F80400002000F0A9
:107B200033F840F20040C4F202004FF40041012259
:107B3000F9F7CCFDB9F80200B9F8041001FB00F523
:107B40000020002100F09AF9B9F80A0024F8020C8C
:107B5000B5B14FF6FF70042D05F0030108D325F0F1
:107B6000030200BF043A2080208020802080F9D1C9
:107B700031B10129208003D00229208018BF208044
:107B800007B0BDE8F08F000040F2280CC2F2000CF4
:107B90009CF80810BCF80620012903D141F66313B4
:107BA0009A4204D141B941F663118A4204D10828AE
:107BB0000ED2AEA108E000BF0138C0B2072807D23C
:107BC0004BF6E821C0F6000101EB4000018800E01F
:107BD0000021B0B581B045F21053802536209A427D
:107BE00047F28974C6F6004508BF4FF4585041F07B
:107BF0000803A24208BF194649F24134A24208BF15
:107C0000194625F8020C41F663108242298063D19F
:107C1000BCF802E0BCF80410BCF80C000022ADF87F
:107C20000200BDF80200ADF80200BDF8020025F820
:107C3000020CADF80220BDF80200ADF80200BDF85C
:107C400002002880ADF80220BDF80200ADF8020065
:107C5000BDF802002880AEF10100030AADF8023041
:107C6000BDF80230C0B2ADF80230BDF802302B8052
:107C7000ADF80200BDF80200ADF80200BDF8020048
:107C80002880BCF80E00ADF80200BDF80200ADF887
:107C90000200BDF8020025F8020CADF80220BDF884
:107CA0000200ADF80200BDF802002880ADF8022005
:107CB000BDF80200ADF80200BDF802002880481EA1
:107CC000010AADF80210BDF80210ADF80210BDF8BF
:107CD00002102980BEE000BFBCF80230BCF804E00E
:107CE000880609D4734509D871469E4645F210505E
:107CF00082420DD090E700BF7345F5D21946ACF82B
:107D000002E0ACF8043045F2105082427FF484AFB8
:107D1000BCF80C200021ADF80220BDF80200ADF83F
:107D20000200BDF8020025F8020CADF80210BDF803
:107D30000200ADF80200BDF802002880501CADF82A
:107D40000200BDF80200ADF80200BDF8020025F8FF
:107D5000020CADF80210BDF80200ADF80200BDF84B
:107D600002002880901CADF80200BDF8020003322A
:107D7000ADF80200BDF8020025F8020CAEF10100DA
:107D8000030AADF80230BDF80230C0B2ADF80230DF
:107D9000BDF802302B80ADF80220BDF80220ADF80E
:107DA0000220BDF8022025F8022CADF80200BDF833
:107DB0000200ADF80200BDF802002880BCF80E20D9
:107DC000ADF80220BDF80200ADF80200BDF80200D7
:107DD00025F8020CADF80210BDF80200ADF8020063
:107DE000BDF802002880501CADF80200BDF802006A
:107DF000ADF80200BDF8020025F8020CADF8021043
:107E0000BDF80200ADF80200BDF802002880901C09
:107E1000ADF80200BDF80200ADF80200BDF80200A6
:107E200025F8020CBCF804000138010AADF8021074
:107E3000BDF80210ADF80210BDF802102980D11C67
:107E4000ADF80210BDF80210ADF80210BDF8021036
:107E500025F8021CC0B2ADF80200BDF80200ADF872
:107E60000200BDF80200288001B0B0BDA000E00013
:107E70002000600080000000C000400010B581B00C
:107E800040F2280CC2F2000CBCF8063045F2105249
:107E9000934231D041F6631293427DD19CF8082081
:107EA0008023002AC6F6004300F0B280BCF80C2004
:107EB000ADF80220BDF80220ADF80220BDF8022086
:107EC00023F8022C020AADF80220BDF80220C0B24D
:107ED000ADF80220BDF802201A80ADF80200BDF80E
:107EE0000200ADF80200BDF802001880BCF80200E4
:107EF0000138020AB1E000BFBCF80C20ADF8022046
:107F0000BDF802300132ADF80230BDF802408023E6
:107F1000C6F6004323F8024C040AADF80240BDF84F
:107F20000240C0B2ADF80240BDF802401C80ADF87E
:107F30000220BDF80220ADF80220BDF8022023F88F
:107F4000022CADF80200BDF80200ADF80200BDF849
:107F500002001880BCF80E00ADF80200BDF8022047
:107F60000130ADF80220BDF8022023F8022C0A0AE5
:107F7000ADF80220BDF80220ADF80220BDF80220C5
:107F80001A80ADF80200BDF80200ADF80200BDF89D
:107F9000020023F8020C38E0BCF80C208023ADF876
:107FA0000220BDF80220C6F60043ADF80220BDF85D
:107FB000022023F8022C020AADF80220BDF80220AC
:107FC000C0B2ADF80220BDF802201A80ADF8020060
:107FD000BDF80200ADF80200BDF802001880BCF840
:107FE0000E00ADF80200BDF80200ADF80200BDF8C9
:107FF000020023F8020C080AADF80200BDF80200E6
:10800000ADF80200BDF802001880C8B266E000BFFB
:10801000BCF80C20BCF802E0ADF80220BDF802204C
:10802000C043ADF80220BDF80220704423F8022CB2
:108030000022ADF80220BDF80240ADF80240BDF8C4
:1080400002401C80ADF80220BDF8022084B2ADF8D9
:108050000220BDF802201A80220AADF80220BDF8E5
:108060000220C0B2ADF80220BDF802201A80ADF89F
:108070000200BDF80200ADF80200BDF80200188051
:10808000BCF80E00ADF80200BDF80200ADF8020029
:10809000BDF8020023F8020C080AADF80200BDF892
:1080A0000200ADF80200BDF802001880C8B2ADF8B9
:1080B0000200BDF80200ADF80200BDF80200188011
:1080C000BCF804000138010AADF80210BDF8021036
:1080D000C0B2ADF80210BDF802101980ADF8020070
:1080E000BDF80200ADF80200BDF80200188001B032
:1080F00010BD00002DE9F04F85B08B46D9085F0711
:108100004FF0010618BF06EBD3015F0879430F0655
:1081100000F02682182B00F223820646012041F24D
:1081200000079840C0F20117384200F019820E9FF4
:10813000A2F12000C0B25FFA81F94CF278544BF6FC
:10814000143240F228054BF68871002F00EBC0076F
:10815000C0F60004C0F60002C2F20005C0F600013D
:10816000CDE9033B00F0F680029700EB400702EBFD
:1081700087074FF0000A01EB0010D846019000BFBE
:10818000102B0BD00C2B38460AD002984CF27851A9
:10819000C0F6000101EB800001E000BF01985044EF
:1081A00090F90040B4F1FF3F0CDC2A88B0B21FFA0E
:1081B00088F1FAF701F9039B40F22805DDF810B0C9
:1081C000C2F2000508F10101A88889B2814280F05D
:1081D000C781A1EB0B029A4200F0AC80E4B26206C8
:1081E0000BD52A88B0B2FAF7E7F840F22805C2F2B8
:1081F0000005039BDDF810B0A88808F1020189B2E0
:10820000814280F0AD81A1EB0B029A4200F0928096
:10821000A2060BD52A88B0B2FAF7CEF840F22805AC
:10822000C2F20005039BDDF810B0A88808F1030135
:1082300089B2814280F09481A1EB0B029A4279D0FD
:10824000E2060BD52A88B0B2FAF7B6F840F2280554
:10825000C2F20005039BDDF810B0A88808F1040104
:1082600089B2814280F07C81A1EB0B029A4261D0FD
:1082700022070BD52A88B0B2FAF79EF840F22805FB
:10828000C2F20005039BDDF810B0A88808F10501D3
:1082900089B2814280F06481A1EB0B029A4249D0FD
:1082A00062070BD52A88B0B2FAF786F840F22805A3
:1082B000C2F20005039BDDF810B0A88808F10601A2
:1082C00089B2814280F04C81A1EB0B029A4231D0FD
:1082D000A2070BD52A88B0B2FAF76EF840F228054B
:1082E000C2F20005039BDDF810B0A88808F1070171
:1082F00089B2814280F03481A1EB0B029A4219D0FD
:10830000E2070BD02A88B0B2FAF756F840F22805F7
:10831000C2F20005039BDDF810B0A88808F1080838
:108320001FFA88F1814280F01B81A1EB0B0098427B
:1083300007D100BF01366888B1B28142D84680F0CB
:108340000F810AF1010AB9F1010907F101077FF470
:1083500017AF05E104EB870A0027029700EB4007FF
:1083600002EB870201EB0010019200900C2B05D06C
:10837000102B504605D10298009901E0DDE901106B
:10838000084490F9004040F20C00C2F20000002CBA
:1083900048BF284602881FFA86F81FFA8BF140462C
:1083A000FAF70AF840F22805C2F200050BF10100C5
:1083B000AA8881B2DDE90337914280F0D180C81BE1
:1083C000984200F0BD80E4B2600640F20C00C2F2B8
:1083D000000048BF284602884046F9F7EDFF40F20A
:1083E0002805C2F200050BF10200AA88039B049F36
:1083F00081B2914280F0B480C81B984200F0A08006
:10840000A00640F20C00C2F2000048BF28460288D5
:108410004046F9F7D1FF40F22805C2F200050BF102
:108420000300AA88039B049F81B2914280F0988048
:10843000C81B984200F08480E00640F20C00C2F2B3
:10844000000048BF284602884046F9F7B5FF40F2D1
:108450002805C2F200050BF10400AA88039B049FC3
:1084600081B291427CD2C81B984269D0200740F269
:108470000C00C2F2000048BF284602884046F9F7C7
:108480009BFF40F22805C2F200050BF10500AA8807
:10849000039B049F81B2914262D2C81B98424FD085
:1084A000600740F20C00C2F2000048BF2846028874
:1084B0004046F9F781FF40F22805C2F200050BF1B2
:1084C0000600AA88039B049F81B2914248D2C81B30
:1084D000984235D0A00740F20C00C2F2000048BF1D
:1084E000284602884046F9F767FF40F22805C2F2A5
:1084F00000050BF10700AA88039B049F81B29142FB
:108500002ED2C81B98421BD0E00740F20C0228462E
:10851000C2F2000208BF104602884046F9F74CFF3D
:1085200040F22805C2F200050BF1080BA988039B55
:10853000049F1FFA8BF0884212D2C01B984205D1CB
:1085400001366888B1B28142BB4609D20298B9F1BE
:10855000010900F101000AF1010A02907FF406AF5F
:1085600005B0BDE8F08F00002DE9F04F87B0002B7B
:10857000069105907CD010981C4640080490981EE7
:10858000019058421746591E5FFA80F842F2107B5C
:108590004FF0000900264FF0000A002503910292D7
:1085A00014E000BF0126DDE90421109B09FB021144
:1085B00040F0300288B20699D2B20095FFF79AFDDA
:1085C00009F10109A1450AF1010A51D06FEA0A0037
:1085D000C0B2404502D101202AE000BF01996FEAF4
:1085E0000900A1EB0901C9B2032900EB040101D282
:1085F000012009E001F0FC02002301200433DFB276
:10860000974200FB0BF0F9D1029F11F003010FD04C
:10861000012903D100EB8000400009E04FF47A7299
:10862000424302294FF0640108BF00FB01F21046EB
:10863000B7FBF0F04CF6CD41CCF6CC41A0FB0112DB
:10864000D10801EB8101002EA0EB4100ABD10399D1
:108650004945A8DD0028A5D1DDE90410002609FB65
:1086600001000699109B80B220220096A6E700BF69
:1086700007B0BDE8F08F00002DE9F04F83B00D9FEB
:108680000C463E78A6F12001C9B25E2929D80C9D7E
:108690008046104419196A0801371FFA80F91FFA39
:1086A00081FBC246029200BF1FFA8AF0484528BFEC
:1086B0002C44A1B2594514D2484528BF5FFA88FA24
:1086C0001FFA8AF0F2B22B4600260096FFF712FD41
:1086D00017F8016BA6F12000C0B25F28029882440F
:1086E000E2D303B0BDE8F08FB0B584B040F2AC3057
:1086F00042F2000101230024C2F20000C4F2010191
:108700000125C0F6007303944FF48032057680F89B
:108710002040C0E90A34C56180F8305080E8160076
:10872000C0E903454561F8F789FA002818BFF8F752
:10873000ADF80220CDE9000540F2AC30C2F20000F5
:1087400069460294F8F732F9002818BFF8F79EF846
:1087500004B0B0BDB0B584B040F2F43042F20011C4
:1087600001230024C2F20000C4F201010125C0F679
:10877000007303944FF48032057680F82040C0E9FE
:108780000A34C56180F8305080E81600C0E903441F
:108790004561F8F753FA002818BFF8F777F8032077
:1087A000CDE9000540F2F430C2F2000069460294BF
:1087B000F8F7FCF8002818BFF8F768F804B0B0BD67
:1087C00010B584B040F23C4001220021C2F200000A
:1087D00042F2002CC0F60072C4F2010C4FF4803358
:1087E0000124C0E90A2102220391047680F82010B6
:1087F000C26180F83040C0E900C3C0E90211C0E99D
:108800000444F8F71BFA002818BFF8F73FF80420D3
:10881000CDE9000440F23C40C2F2000069460294F7
:10882000F8F7C4F8002818BFF8F730F805200090D2
:108830000220019040F23C40C2F200006946F8F785
:10884000B5F8002818BFF8F721F804B010BD0000F3
:1088500080B582B00020019043F63000C4F20200DF
:108860000168002241F4800101600068002100F4E9
:108870008000019001983820F8F7B0FF3820F8F711
:108880009BFF3A2000210022F8F7A8FF3A20F8F7D2
:1088900093FF3C2000210022F8F7A0FF3C2002B00B
:1088A000BDE88040F8F788BF80B588B040F2A4509A
:1088B00040F20412C2F200004FF0204CCAF2000253
:1088C00006230021C0E900C24FF48052C0E9023102
:1088D000C0E90A2109220F234FF0100E0192CDE9C1
:1088E00002321122C0E9041EC0E906114164C0E948
:1088F0000811C0E90C118163CDE9062101A900220C
:10890000CDE9043EF9F78EFA002818BFF7F7BEFF4D
:1089100008B080BD2DE9F04F89B0002743F6300044
:10892000CDE907770397C4F20200016840F2000B1B
:1089300041F0100101600168C4F2020B01F0100166
:108940000391039903970168002241F0200101601F
:10895000016801F02001039103990397016841F038
:1089600080010160016801F0800103910399039780
:10897000016841F001010160016801F0010103910A
:1089800003990397016841F002010160016801F059
:108990000201039103990397016841F00801016006
:1089A000016801F00801039103990397016841F000
:1089B00040010160016801F04001039103990397B0
:1089C000016841F004010160006848F2580100F0BC
:1089D0000400039003980BF580600190F8F776FE91
:1089E0000BF5C05420464AF240010022F8F76EFE13
:1089F0000BF5006A50464FF4CA510022F8F766FEA4
:108A000058464FF480510022F8F760FE0BF54060A5
:108A1000402100220290F8F759FE102004AE049085
:108A20004FF4881902250BF580503146CDF814908B
:108A30000695F8F77BFD4FF0010858463146CDE921
:108A400004890695F8F772FDDDF804904FF40040B4
:108A5000CDE9040848463146CDE90677F8F766FDCA
:108A60004AF24000CDE9040820463146CDE90655DA
:108A7000F8F75CFD4FF4807004A981E8810120467D
:108A80003146F8F753FD4FF4CA50CDE9040850467B
:108A90003146CDE90655F8F749FD4FF48050CDE950
:108AA000040858463146CDE90655F8F73FFD402009
:108AB000CDE9040802983146CDE90655F8F736FDB0
:108AC0005820CDE9040848463146CDE90655F8F767
:108AD0002DFD062000210022F8F780FE0620F8F781
:108AE0006BFE0A2000210022F8F778FE0A20F8F732
:108AF00063FE09B0BDE8F08F80B540F2F45041F25A
:108B00000001C2F20000C4F2010100234FF00C0C7E
:108B10004FF4E13280E80E00C0E90333C0E905C339
:108B2000C361F9F71DFA002808BF80BDBDE8804089
:108B3000F7F7ACBEFEE70000FEE700002DE9F04FBE
:108B400083B04FF6FF70F9F72FFB40F22804C2F212
:108B500000044FF4784861A7182605200221C82296
:108B60001C23A4F80080CDE90067FFF785FD4DF2D6
:108B700022374FF01F09C0F600071026F02005210C
:108B800050221423A4F80090CDE90067FFF774FD8C
:108B90004FF0000B54A705202321A0221623A4F890
:108BA00000B0CDE90067FFF767FD4DF2FD2AC0F682
:108BB000000A3720232178221623A4F80090CDE95B
:108BC000006AFFF759FD4DF2F927C0F60007822031
:108BD000232128221623A4F800B0CDE90067FFF76F
:108BE0004BFD43A505203A21A0221623CDE90065BF
:108BF000FFF742FD37203A2178221623A4F800908F
:108C0000CDE9006AFFF738FD82203A212822162399
:108C1000A4F800B0CDE90067FFF72EFD36A70520C8
:108C20005121A0221623CDE90067FFF725FD37204B
:108C3000512178221623A4F80090CDE9006AFFF7AD
:108C40001BFD2EA78220512128221623A4F800B054
:108C5000CDE90067FFF710FD48F23040208028A7DB
:108C6000AA2023218C221623CDE90067FFF704FDFB
:108C700026A7AA203A218C221623CDE90067FFF708
:108C8000FBFC25A7AA2051218C221623CDE90067E1
:108C9000FFF7F2FC24A7AA2068218C221623CDE935
:108CA0000067FFF7E9FC24A7AA207F218C22162366
:108CB000CDE90067FFF7E0FC4DF22D37C0F6000765
:108CC0000520DA214FF49B721423A4F80080CDE92B
:108CD0000067FFF7D1FC03B0BDE8F08F4365204C7F
:108CE00069616E672000000052696E3A0000000062
:108CF000526F75743A00000041763A0064420000F9
:108D000041444331285573293A000000414443321D
:108D1000285569293A0000004144433328556F5FC4
:108D20006C6F6164293A00004144433328556F5FFA
:108D30006F70656E293A00004144433328556F5FD8
:108D40004443293A000000002DE9F0472DED048B43
:108D500082B040F22808C2F200084FF0FF304DF216
:108D6000E824A8F80000C0F60004102737202321CB
:108D7000482216234FF6FF76CDE90074FFF77CFCFE
:108D800037203A2148221623CDE90074FFF774FCFE
:108D90003720512148221623CDE90074FFF76CFCDF
:108DA00040F23805C2F2000595ED0D0A9FED7B9A61
:108DB000BCEEC01AB4EE490A4CF6CD4A4DF2013968
:108DC0001F2011EE102AF1EE10FAB2EE048ACCF652
:108DD000CC4AC0F60009A8F800001FDA20EE080A05
:108DE000BCEEC00A10EE100AA0FB0A13D90801EB72
:108DF0008101A0EB41043720232103230097FFF7D3
:108E0000B3FB4E2023210A221623CDE90079FFF778
:108E100033FC542023212246012302E03720232162
:108E200004230097FFF7A0FB95ED0E0ABCEEC01AD5
:108E3000B4EE490AF1EE10FA11EE102A20DA20EE13
:108E4000080ABCEEC00A10EE100AA0FB0A13D908EB
:108E500001EB8101A0EB4104102737203A210323C5
:108E60000097FFF781FB4E203A210A221623CDE915
:108E70000079FFF701FC54203A212246012303E048
:108E8000102737203A2104230097FFF76DFB95ED5B
:108E90000F0A102720EE081ABCEEC11A11EE100AB4
:108EA000A0FB0A13D908BCEEC00A01EB810110EE49
:108EB000102AA0EB41043720512103230097FFF72C
:108EC00053FB4E2051210A221623CDE90079FFF7EA
:108ED000D3FB54205121224601230097FFF744FB86
:108EE00048F23040A8F800004FF48C70232140F283
:108EF0003B1237230096F9F781FB4FF48C703A212F
:108F000040F23B124E230096F9F778FB4FF48C7039
:108F1000512140F23B1265230096F9F76FFB4FF4A5
:108F20008C70682140F23B127C230096F9F766FBB7
:108F30004FF48C707F2140F23B1293230096F9F797
:108F40005DFBAA894FF48C70232104230097FFF75F
:108F50000BFBEA894FF48C703A2104230097FFF74A
:108F600003FB6A8A4FF48C70512104230097FFF7AA
:108F7000FBFAAA8A4FF48C70682104230097FFF74C
:108F8000F3FAEA8A4FF48C707F2104230097FFF7ED
:108F9000EBFA02B0BDEC048BBDE8F08700007A4428
:108FA000F0B583B04FF6FF70F9F7FEF840F22805F0
:108FB000C2F200054FF478465EA410270520052173
:108FC000C82214232E80CDE90074FFF755FB1F2023
:108FD0004DF222342880C0F60004F02005215022F2
:108FE0001423CDE90074FFF747FB56A70C24052096
:108FF000DE214FF49B7210232E80CDE90047FFF74E
:109000003BFB002028801420DC214FF49672DC23E7
:10901000F9F766F91420DC2114221423F9F760F91A
:109020001420142117221423F9F75AF949A70A200A
:10903000102114220E23CDE90047FFF71DFB142059
:10904000562117225623F9F74BF943A70A2052213C
:1090500014220E23CDE90047FFF70EFB14209921BF
:1090600017229923F9F73CF93CA70A2095211422ED
:109070000E23CDE90047FFF7FFFA5A20DC215A22E0
:10908000D923F9F72DF936A75020DE211E220E2311
:10909000CDE90047FFF7F0FAA020DC21A022D92378
:1090A000F9F71EF92FA79620DE211E220E23CDE907
:1090B0000047FFF7E1FAE620DC21E622D923F9F7A1
:1090C0000FF929A7DC20DE211E220E23CDE900475F
:1090D000FFF7D2FA4FF49670DC214FF49672D92341
:1090E000F9F7FEF822A740F21D10DE211E220E2302
:1090F000CDE90047FFF7C0FA1FA7142008211E2260
:109100000E23CDE90047FFF7B7FA1CA740F227105E
:10911000DE2114220E23CDE90047FFF7ADFA18A790
:109120000F20DE2114220E23CDE90047FFF7A4FA19
:1091300003B0F0BD46552050494E205445205849B3
:109140004E4700004B65795F55503A53616F205090
:10915000696E0000330000003200000031000000A2
:1091600034306B0038306B003132306B000000005F
:109170003135356B00000000410000004600000062
:1091800030000000000000002DE9F04782B040F2FE
:109190003809C2F2000999F80400002800F056824C
:1091A00099F80600032879D0022800F0CF80012822
:1091B00040F04C82D9F840004FF6FF75132800F3B9
:1091C000578140F6C411484300F57A7700EE107AD3
:1091D000B8EE400A10EE100AF7F7AEF841EC100BAB
:1091E000F7F796FA1420F8F77FF901F083F9B9F848
:1091F0001A10884205D9D9F84010A9F81A0089F840
:10920000071040F22808C2F2000805201921782230
:109210002D23A8F800500095F9F7F0F94FF47840A5
:10922000A8F800000FF24C641026052019215022E6
:109230001423CDE90064FFF71FFA44F6D350C1F2BE
:109240006200A7FB00018A0941201921032300962F
:10925000FFF78AF94DF24C37C0F600075A20192162
:1092600028221423CDE90067FFF706FA78200521AC
:10927000C8221923A8F800500095F9F7BFF9D9F8CA
:109280004000B3EE041A013000EE100AB8EEC00A36
:1092900080EE010A9FEDEF1A9EE200BFD9F8400070
:1092A0004FF6FF75B0F58C7F80F2528140F2262197
:1092B000484300F57A7A00EE10AAB8EE400A10EEA4
:1092C000100AF7F739F841EC100BF7F721FA1420E0
:1092D0001426F8F709F901F00DF9C82140F601024A
:1092E0004143C0F28002A1FB0212D40841F21301F3
:1092F000884288BFC82440F22808C4F1C801C2F2DD
:1093000000084FF478408BB2A8F80000D9F840006C
:10931000142B98BF3346DC2B4FF0DC0128BF0B46E3
:10932000002800F1140200F00B82B9F81C70133011
:10933000C7F1C807BFB2142F92B280B288BF3E46B1
:10934000DC2E38BF3146F8F7CBFFFDE1D9F84000FD
:10935000B0F5C87F80F28081D9F844104FF4FA72DA
:1093600000FB021700EE107AB8EE400A10EE100A69
:10937000F6F7E2FF41EC100BF7F7CAF91420F8F703
:10938000B3F801F0B7F8D9F8401040F28A02C2F2FF
:10939000000240F2280622F81100C2F200064FF047
:1093A000FF3A4FF6FF780520412178225523A6F891
:1093B00000A0CDF80080F9F721F94FF47840308013
:1093C0000FF2944410250520412150221423CDE9A9
:1093D0000054FFF751F944F6D350C1F26200A7FBE5
:1093E00000018A092D20412103230095FFF7BCF8D5
:1093F0004DF24C37C0F600074620412128221423A5
:10940000CDE90057FFF738F978200521C822192344
:10941000A6F800A0CDF80080F9F7F0F8D9F84000E0
:109420009FEDC61A013000EE100AB8EEC00A80EEB9
:10943000010A9FED881A4FF4FC6030808C200521D2
:109440000323009520EE010A30EE010ABDEEC00AAA
:1094500010EE102AFFF788F84DF2FB27C0F6000740
:10946000AA20052114221423CDE90057CEE100BF24
:1094700099F807004FF47A7140F6C41210FB0210FD
:1094800040F22804C9F84400C2F200040520192162
:1094900078222D2325800095F9F7B0F8C820052102
:1094A0004FF4827219230095F9F7A8F84FF4784029
:1094B0002080EBA710240520192164221423CDE974
:1094C0000047FFF7D9F8B9F81A202D2019210423F5
:1094D0000094FFF749F8E4A705202D216422142306
:1094E000CDE90047FFF7C8F8D9F8440044F6D35156
:1094F000C1F26201A0FB01018A092D202D21032365
:109500000094FFF731F84DF24C37C0F600074B20BE
:109510002D2128221423CDE90047FFF7ADF8B9F833
:109520001A109FEDD31A00EE101AB8EE400A02206E
:1095300020EE010A89F806000020BDEEC00AC9F835
:10954000400010EE100AA9F81E0002B0BDE8F08736
:1095500040F22806C2F20006052055217822692330
:1095600035800095F9F74AF878200521C82219239B
:109570000095F9F743F805201921A02255233580DD
:109580000095F9F73BF84FF478403080A6A71025F6
:109590000520192164221423CDE90057FFF76CF848
:1095A000B9F81A202D20192104230095FEF7DCFFBD
:1095B0009FA705202D2164221423CDE90057FFF732
:1095C0005BF8B9F81E202D202D2104230095FEF70D
:1095D000CBFF99A70520412164221423CDE9005730
:1095E000FFF74AF8D9F8482044F61E61A2F5C330C7
:1095F000A13888429EBF46F2A8100244C9F848200C
:109600002320412105230095FEF7AEFF8BA74B20B9
:10961000412128221423CDE90057FFF72DF89FEDB3
:10962000800BF7F775F84FF4FC60308084A7C820F2
:10963000052132221423CDE90057FFF71DF8002041
:1096400089F8040089F8050089F8060002B0BDE831
:10965000F08700BF0000484240F28A0EC2F2000EBE
:10966000BEF80030B9F81E106FF00508CA1A38BFEE
:109670005A1A002340F28F1C002500BF0EEB430452
:10968000668892B2881B38BF701A80B2904238BF89
:109690005D1CA68838BF0246881B38BF701A80B28E
:1096A0000EEB0806904238BF9D1CB78938BF0246B2
:1096B000C81B38BF781A80B2904238BFDD1CF689CB
:1096C00038BF0246881B38BF701A80B2904238BF3C
:1096D0001D1D668938BF0246881B38BF701A80B2CC
:1096E000904238BF5D1DA68938BF0246881B38BF2F
:1096F000701A80B290423CBF9D1D0246E08907333C
:109700000C1A38BF441AA0B290423CBF1D46024614
:10971000634508F10E08B1D1D9F84400A9B24FF45D
:10972000FA7201FB0200C9F84800032089F806001C
:109730000020C9F8400002B0BDE8F0870000C8432F
:1097400090B21946F8F728FE0520552178226923A2
:10975000A9F81C40A8F800500095F8F74FFF4FF407
:109760007840A8F8000038A710260520552150227F
:109770001423CDE90067FEF77FFF44F6D350C1F212
:109780006200AAFB00018A092D20552103230096BF
:10979000FEF7EAFE4DF24C37C0F600074620552191
:1097A00028221423CDE90067FEF766FF7820052103
:1097B000C8221923A8F800500095F8F71FFFD9F820
:1097C00040009FED231A013000EE100AB8EEC00AE7
:1097D00080EE010A9FED1F1A4FF4FC6020EE010A93
:1097E000BDEEC00AA8F8000010EE102A782005216E
:1097F00003230096FEF7B8FE4DF2FB27C0F60007E4
:109800009620052114221423CDE90067FEF734FFCA
:10981000D9F840000130C9F8400002B0BDE8F08737
:109820000000000000408F404D41583D0000000006
:109830003364423D0000000066483D00487A000065
:10984000444F4E4521000000447261773A00000009
:1098500000008C430000C84246696E653A00000073
:109860004D41583A00000000466D61783A00000012
:109870008104353F436F617273653A002DE9F04F03
:1098800083B04FF6FF70F8F78FFC40F22804C2F265
:1098900000044FF47840208072A71826052002218A
:1098A000C8221C23CDE90067FEF7E6FE1F204DF21B
:1098B00022372080C0F600071026F0200521502214
:1098C0001423CDE90067FEF7D7FE48F23040208030
:1098D00069A7052023218C221623CDE90067FEF716
:1098E000CBFE4DF2033AC0F6000A05203A218C2245
:1098F0001623CDE9006AFEF7BFFE4DF2093BC0F624
:10990000000B052051218C221623CDE9006BFEF7B8
:10991000B3FE4DF20F39C0F60009052068218C22F4
:109920001623CDE90069FEF7A7FE4DF21737C0F602
:10993000000705207F218C221623CDE90067FEF762
:109940009BFE4FF000084EA5AA2023218C2216234F
:10995000A4F80080CDE90065FEF78EFEAA203A212A
:109960008C221623CDE9006AFEF786FEAA2051213B
:109970008C221623CDE9006BFEF77EFEAA2068211B
:109980008C221623CDE90069FEF776FEAA207F21FE
:109990008C221623CDE90067FEF76EFE3BA705205B
:1099A0009B211E221623A4F80080CDE90067FEF754
:1099B00063FE37A755209B211E221623CDE90067A1
:1099C000FEF75AFE33A7A5209B211E221623CDE9C0
:1099D0000067FEF751FE30A7F5209B211E221623BB
:1099E000CDE90067FEF748FE4DF2FD251F27C0F6C2
:1099F00000051920AF21482216232780CDE90065F4
:109A0000FEF73AFE6920AF21482216232780CDE9D0
:109A10000065FEF731FEB920AF21482216232780CA
:109A20001F27CDE90065FEF727FE40F20910AF21A0
:109A3000482216232780CDE90065FEF71DFE4FF46E
:109A400078404DF22D372080C0F600070520DA213E
:109A50004FF49B721423CDE90067FEF70DFE03B0AF
:109A6000BDE8F08F4775205A68616E67204A6961CA
:109A70006E204365000000004C4F572043483A00D9
:109A8000484947482043483A0000000052313A0014
:109A900052323A0052333A0052343A002DE9F0473C
:109AA00082B040F23808C2F2000898F80900012894
:109AB00000F0D281002840F09F8341F60000C4F2FC
:109AC00002004FF400510022F7F700FEC820F7F71C
:109AD0000BFD40F2AC34C2F200042046F7F7C4FAA2
:109AE00001204FF00109F7F7FFFC2046F7F706F8D1
:109AF00040F2F435C2F2000506462846F7F7B4FAFC
:109B00000120F7F7F1FC2846F6F7F8FF0746204654
:109B1000F7F7AAFA0120F7F7E7FC2046F6F7EEFF81
:109B200006442846F7F7A0FA0120F7F7DDFC28469F
:109B3000F6F7E4FF07442046F7F796FA0120F7F717
:109B4000D3FC2046F6F7DAFF06442846F7F78CFAEE
:109B50000120F7F7C9FC2846F6F7D0FF0744204656
:109B6000F7F782FA0120F7F7BFFC2046F6F7C6FFA9
:109B700006442846F7F778FA0120F7F7B5FC28469F
:109B8000F6F7BCFF07442046F7F76EFA0120F7F717
:109B9000ABFC2046F6F7B2FF06442846F7F764FA16
:109BA0000120F7F7A1FC2846F6F7A8FF0744204656
:109BB000F7F75AFA0120F7F797FC2046F6F79EFFD1
:109BC00006442846F7F750FA0120F7F78DFC28469F
:109BD000F6F794FF07442046F7F746FA0120F7F717
:109BE00083FC2046F6F78AFF06442846F7F73CFA3E
:109BF0000120F7F779FC2846F6F780FF0744204656
:109C0000F7F732FA0120F7F76FFC2046F6F776FFF8
:109C100084192846F7F728FA0120F7F765FC28464B
:109C2000F6F76CFF3844E10840F23C44C008C2F249
:109C30000004A8F822002046A8F82010F7F714FA2C
:109C400020460A21F7F790F92046F6F757FF054618
:109C500020460A21F7F788F92046F6F74FFF064617
:109C60002046F7F701FA20460A21F7F77DF920464A
:109C7000F6F744FF80B210FA85F520460A21F7F77F
:109C800073F92046F6F73AFF80B210FA86F62046BE
:109C9000F7F7EAF920460A21F7F766F92046F6F7C2
:109CA0002DFF15FA80F520460A21F7F75DF92046C9
:109CB000F6F724FF16FA80F62046F7F7D5F9204686
:109CC0000A21F7F751F92046F6F718FF15FA80F543
:109CD00020460A21F7F748F92046F6F70FFF16FA53
:109CE00080F62046F7F7C0F920460A21F7F73CF93D
:109CF0002046F6F703FF15FA80F520460A21F7F70C
:109D000033F92046F6F7FAFE16FA80F62046F7F702
:109D1000ABF920460A21F7F727F92046F6F7EEFEC1
:109D200015FA80F520460A21F7F71EF92046F6F7C6
:109D3000E5FE16FA80F62046F7F796F920460A2146
:109D4000F7F712F92046F6F7D9FE15FA80F5204606
:109D50000A21F7F709F92046F6F7D0FE16FA80F641
:109D60002046F7F781F920460A21F7F7FDF820464B
:109D7000F6F7C4FE15FA80F520460A21F7F7F4F845
:109D80002046F6F7BBFE16FA80F62046F7F76CF988
:109D900020460A21F7F7E8F82046F6F7AFFE15FA55
:109DA00080F520460A21F7F7DFF82046F6F7A6FEF1
:109DB00016FA80F62046F7F757F920460A21F7F7FA
:109DC000D3F82046F6F79AFE15FA80F520460A21C8
:109DD000F7F7CAF82046F6F791FE16FA80F6204605
:109DE000F7F742F920460A21F7F7BEF82046F6F7C2
:109DF00085FE15FA80F520460A21F7F7B5F82046CA
:109E0000F6F77CFE16FA80F62046F7F72DF9204685
:109E10000A21F7F7A9F82046F6F770FE15FA80F543
:109E200020460A21F7F7A0F82046F6F767FE4AF623
:109E3000AB2116FA80F0CAF6AA21A5FB0123A0FBEC
:109E40000101D808A8F82400C808A8F8260088F856
:109E5000099002B0BDE8F08741F60000C4F20200AC
:109E60004FF400510122F7F731FC3220F7F73CFBA9
:109E700040F2AC34C2F200042046F7F7F5F80120B6
:109E8000F7F732FB2046F6F739FE40F2F435C2F21E
:109E9000000506462846F7F7E7F80120F7F724FB08
:109EA0002846F6F72BFE07462046F7F7DDF8012097
:109EB000F7F71AFB2046F6F721FE06442846F7F787
:109EC000D3F80120F7F710FB2846F6F717FE0744F2
:109ED0002046F7F7C9F80120F7F706FB2046F6F70A
:109EE0000DFE06442846F7F7BFF80120F7F7FCFA05
:109EF0002846F6F703FE07442046F7F7B5F8012099
:109F0000F7F7F2FA2046F6F7F9FD06442846F7F788
:109F1000ABF80120F7F7E8FA2846F6F7EFFD07441B
:109F20002046F7F7A1F80120F7F7DEFA2046F6F70A
:109F3000E5FD06442846F7F797F80120F7F7D4FA2D
:109F40002846F6F7DBFD07442046F7F78DF8012099
:109F5000F7F7CAFA2046F6F7D1FD06442846F7F788
:109F600083F80120F7F7C0FA2846F6F7C7FD074443
:109F70002046F7F779F80120F7F7B6FA2046F6F70A
:109F8000BDFD06442846F7F76FF80120F7F7ACFA55
:109F90002846F6F7B3FD07442046F7F765F8012099
:109FA000F7F7A2FA2046F6F7A9FD84192846F7F735
:109FB0005BF80120F7F798FA2846F6F79FFD38443A
:109FC000E10840F23C44C008C2F20004A8F82A00AC
:109FD0002046A8F82810F7F747F820460A21F6F798
:109FE000C3FF2046F6F78AFD054620460A21F6F70C
:109FF000BBFF2046F6F782FD06462046F7F734F809
:10A0000020460A21F6F7B0FF2046F6F777FD80B22A
:10A0100010FA85F520460A21F6F7A6FF2046F6F746
:10A020006DFD80B210FA86F62046F7F71DF820463F
:10A030000A21F6F799FF2046F6F760FD15FA80F53C
:10A0400020460A21F6F790FF2046F6F757FD16FA4C
:10A0500080F62046F7F708F820460A21F6F784FF35
:10A060002046F6F74BFD15FA80F520460A21F6F753
:10A070007BFF2046F6F742FD16FA80F62046F6F7FB
:10A08000F3FF20460A21F6F76FFF2046F6F736FD6C
:10A0900015FA80F520460A21F6F766FF2046F6F706
:10A0A0002DFD16FA80F62046F6F7DEFF20460A213F
:10A0B000F6F75AFF2046F6F721FD15FA80F52046FF
:10A0C0000A21F6F751FF2046F6F718FD16FA80F63A
:10A0D0002046F6F7C9FF20460A21F6F745FF20463D
:10A0E000F6F70CFD15FA80F520460A21F6F73CFF3D
:10A0F0002046F6F703FD16FA80F62046F6F7B4FF81
:10A1000020460A21F6F730FF2046F6F7F7FC15FA4D
:10A1100080F520460A21F6F727FF2046F6F7EEFCE9
:10A1200016FA80F62046F6F79FFF20460A21F6F73A
:10A130001BFF2046F6F7E2FC15FA80F520460A21BF
:10A14000F6F712FF2046F6F7D9FC16FA80F62046FD
:10A15000F6F78AFF20460A21F6F706FF2046F6F7B3
:10A16000CDFC15FA80F520460A21F6F7FDFE2046C3
:10A17000F6F7C4FC16FA80F62046F6F775FF20467F
:10A180000A21F6F7F1FE2046F6F7B8FC15FA80F53D
:10A1900020460A21F6F7E8FE2046F6F7AFFC16FA4D
:10A1A00080F62046F6F760FF20460A21F6F7DCFE2F
:10A1B0002046F6F7A3FC15FA80F520460A21F6F7AB
:10A1C000D3FE2046F6F79AFC4AF6AB2116FA80F049
:10A1D000CAF6AA21A5FB0123A0FB0101D808A8F813
:10A1E0002C00C808A8F82E004FF0020988F8099042
:10A1F00002B0BDE8F08700BF41F60000C4F20200E3
:10A200004FF4005100224FF6FF7A0026F7F75EFA6E
:10A2100040F22809C2F2000948F23040A9F80000D3
:10A2200037203A21A0225023CDF800A0F8F7E6F914
:10A2300037205121A0226723CDF800A0F8F7DEF9DE
:10A2400037206821A0227E23CDF800A0F8F7D6F9A8
:10A2500037207F21A0229523CDF800A0F8F7CEF972
:10A26000B8F82020102737203A2104230097FEF762
:10A270007BF9B8F822203720512104230097FEF7FC
:10A2800073F9B8F824203720682104230097FEF7DB
:10A290006BF9B8F8262037207F2104230097FEF7BA
:10A2A00063F9E1203A2140F23B125023A9F8006003
:10A2B000CDF800A0F8F7A2F9E120512140F23B12BD
:10A2C0006723CDF800A0F8F799F9E120682140F262
:10A2D0003B127E23CDF800A0F8F790F9E1207F2112
:10A2E00040F23B129523CDF800A0F8F787F9B8F8B3
:10A2F0002820E1203A2104230097FEF735F9B8F829
:10A300002A20E120512104230097FEF72DF9B8F807
:10A310002C20E120682104230097FEF725F9B8F8E6
:10A320002E20E1207F2104230097FEF71DF9B8F8C5
:10A330002C00B0F5FA6F88BF012688F84C60B8F899
:10A340002210B8F8263013290CD8B3F5BE7F09D9EE
:10A350009808682806D8012088F84D00B8F824002D
:10A360001FE000BFA1F29112B8F82400302A98BF74
:10A3700013280FD9A1F1B5070022262F88F84D2008
:10A3800016D8B3F5BE7F13D9B3F5D27F10D2012111
:10A3900029E000BF792BEDD39F2BEBD8022288F860
:10A3A0004D2000270022142838BF01220EE000BFF4
:10A3B000142B4FF00007A1F10B0638BF012714281A
:10A3C00038BF01221C2E98BF132B09D90023042962
:10A3D00088F84E3009D847B13AB101200AE000BFF1
:10A3E0001428F3D2022188F84E1000210A2838BF21
:10A3F0000121480088F84F001920AF216122C523B0
:10A40000CDF800A0F8F7FAF898F84C004BF60E37A4
:10A41000C0F6000737F810004DF2DC25A9F800005F
:10A4200098F84C00C0F6000555F820401026192079
:10A43000AF2148221623CDE90064FEF71DF96920FB
:10A44000AF21B122C523CDF800A0F8F7D7F898F8CE
:10A450004D00AF2137F810004822A9F8000098F805
:10A460004D00162355F820406920CDE90064FEF721
:10A4700003F9B920AF2140F20112C523CDF800A0A5
:10A48000F8F7BCF898F84E00AF2137F810004822D2
:10A49000A9F8000098F84E00162355F82040B9207E
:10A4A000CDE90064FEF7E8F840F20910AF2140F270
:10A4B0005112C523CDF800A0F8F7A0F898F84F0086
:10A4C000AF2137F810004822A9F8000098F84F0093
:10A4D000162355F8207040F20910CDE90067FEF709
:10A4E000CBF84FF0000988F8099002B0BDE8F0877A
:10A4F00070470000B0B540F23C44C2F20004204670
:10A50000F6F7B2FD20460A21F6F72EFD2046F6F7B3
:10A51000F5FA20460A21F6F727FD2046F6F7EEFA6F
:10A5200005462046F6F7A0FD20460A21F6F71CFD59
:10A530002046F6F7E3FA20460A21F6F715FD2046F5
:10A54000F6F7DCFA05442046F6F78EFD20460A2190
:10A55000F6F70AFD2046F6F7D1FA20460A21F6F76B
:10A5600003FD2046F6F7CAFA05442046F6F77CFDBF
:10A5700020460A21F6F7F8FC2046F6F7BFFA2046F7
:10A580000A21F6F7F1FC2046F6F7B8FA0544204612
:10A59000F6F76AFD20460A21F6F7E6FC2046F6F7B4
:10A5A000ADFA20460A21F6F7DFFC2046F6F7A6FAB8
:10A5B00005442046F6F758FD20460A21F6F7D4FC5C
:10A5C0002046F6F79BFA20460A21F6F7CDFC2046F6
:10A5D000F6F794FA05442046F6F746FD20460A2190
:10A5E000F6F7C2FC2046F6F789FA20460A21F6F76C
:10A5F000BBFC2046F6F782FA05442046F6F734FD08
:10A6000020460A21F6F7B0FC2046F6F777FA2046F6
:10A610000A21F6F7A9FC2046F6F770FA284480B222
:10A62000C008B0BD70470000F7F75CB8B0B592B095
:10A63000002443F640000B94CDE90944CDE90744DA
:10A640000594CDE90344CDE901440094C4F202002D
:10A650000168022541F080510160006800F08050DF
:10A660000090009847F200000094C4F200000168D6
:10A6700041F480410160006800F48040009000983F
:10A680000120099010200A9008200E90A820CDE902
:10A690000F050420119006A80695CDE90C54F7F794
:10A6A000E9F918B172B600BFFEE700BF0F20CDE98F
:10A6B00001054FF4A05004904FF48050059001A87C
:10A6C00005210394F7F7C6F810B172B6FEE700BF94
:10A6D00012B0B0BD4EF68850CEF20000016841F4D1
:10A6E000700101607047000010B504460068D4E9AD
:10A6F00002C22369016921F4405111430161626979
:10A7000043EA0C01E3691143C268194349F20C633F
:10A710009A431143C1604169A26921F4407141F239
:10A720000043114340F48062C4F201039A42416144
:10A7300002D1F7F755F901E0F7F73EF9E1696368EF
:10A740001922B1F5004FA0FB020123D15A00DB0F03
:10A75000F5F736FD48F21F51C5F2EB11A0FB0123BE
:10A760005A094FF69C73C0F6FF7303F1805302FB46
:10A770000300322303EBC000A0FB01014FF4F8708B
:10A7800000EA111000EB0210C1F3421108442168E5
:10A79000886010BD9A009B0FF5F712FD48F21F511B
:10A7A000C5F2EB11A0FB01235A094FF69C73C0F6CA
:10A7B000FF7302FB0300322303EB0010A0FB010137
:10A7C000F02000EA511000EB0210C1F343110844DD
:10A7D0002168886010BD0000FEE7000040F2100113
:10A7E000C2F2000109684DF68362C4F21B32A1FB7C
:10A7F00002124EF21801CEF20001930C0A6858437F
:10A8000009E000BF0B68D31A834228BF70470B686A
:10A81000D31A834207D20B68D31A834203D20B6840
:10A82000D31A8342EED3704780B582B0019040F2D4
:10A83000F450C2F2000001A901224FF6FF73F7F7AE
:10A84000F5FB019802B080BDB8B040F20046C4F2FA
:10A850000206F6F755FFFFF7E9FEFEF75BF8FDF796
:10A86000F7FFFDF741FFFDF775FFFEF745F9FDF72F
:10A87000A7FFFEF719F8F5F707FE9FEDBB8BB0EECB
:10A88000480AF0EE680AF5F743FF41F28830F5F721
:10A8900013FF00200025F5F77DFF30464FF40041FF
:10A8A00001220124F6F712FFF7F700FF0120F7F766
:10A8B000A7FC40F22801C2F200014FF47840088062
:10A8C00040F20C00C2F200004FF0FF3106F5A05735
:10A8D000018038464FF400510022F6F7F7FEFEF7EC
:10A8E0002DF940F22000C2F200000DF17C09057044
:10A8F00009F104000DF1180840F2380B40F23C4A0F
:10A900009FED9B9A9FED9BAA9FED9BCA9FED9BDAC3
:10A91000059008F10400C2F2000BC2F2000ABFEE7B
:10A9200000BA0490039702E00A20F6F7DDFD9BF8D9
:10A93000010038B332208BF80150F6F7D5FD9BF8B3
:10A94000000048B940F20040C4F202001021002289
:10A950008BF80350F6F7BAFE9BF80000012808BFF9
:10A960008BF804509BF8000001308BF800009BF836
:10A970000000032840F22000C2F2000028BF8BF83C
:10A98000005004709BF80200002800F0C7808BF88C
:10A9900002509BF8000002282ED001285AD000282F
:10A9A00040F0BC809BF803003E46B0FA80F04009BE
:10A9B0008BF803009BF803004DF2F6274DF222318D
:10A9C00000284FF4FC60C0F60007C0F6000108BF85
:10A9D0001F2008BF0F4640F22801C2F20001088084
:10A9E000F0200521502214231024CDE900473746DA
:10A9F0000124FDF741FE91E09BF808005946B0FAAA
:10AA000080F040098BF808009BF80800002867D008
:10AA100040F22800C2F200004FF4FC614DF2F6262D
:10AA20000180F0200521502214231024C0F60006D6
:10AA3000CDE90046FDF720FEB0EE480AF0EE680AC8
:10AA4000F5F766FE4FF49660F5F736FE0A20F6F746
:10AA50004BFD62E09BF8040000285FD140F228071C
:10AA6000C2F200074FF4FC604DF2F6268BF804406A
:10AA70008BF805403880F020052150221423102443
:10AA8000C0F60006CDE90046FDF7F6FD15201521BC
:10AA900040F22B12DB234FF6FF740094F7F7AEFD64
:10AAA0001420DC214FF49672DC233D80F7F718FC6C
:10AAB0001420DC2114221423F7F712FC3C80039F9E
:10AAC00005201921C822692300940124F7F796FD77
:10AAD000ABF80640CBF84050CBF81A501EE000BF50
:10AAE00040F22800C2F200001F214DF22236018000
:10AAF000F0200521502214231024C0F60006CDE9D1
:10AB00000046FDF7B9FDB0EE480AF0EE680AF5F729
:10AB1000FFFD4FF49660F5F7CFFD012440F22000D1
:10AB2000C2F20000007898B340F22000C2F20000A8
:10AB300005709BF80000022822D0012844D038BBC1
:10AB400040F20040C4F2020010210022F6F7BEFDE0
:10AB500038464FF400510022F6F7B8FDFDF7EEFF3E
:10AB60009BF80000B8B943E00000000000408F40AF
:10AB7000000010420000000000E0AB4500408345AB
:10AB800038464FF400510122F6F7A0FDFEF776FE9D
:10AB90009BF8000060B39BF80000002840F000869E
:10ABA0009BF80300002840F0FB8540F20040C4F20F
:10ABB000020010210022F6F789FD9BF80000012811
:10ABC00000F0F28500F0F6BD40F20040C4F2020051
:10ABD00010210022F6F77AFD38464FF4005100228A
:10ABE000F6F774FDFEF7DCF99BF800000028D2D1DF
:10ABF0009BF803000028CED09BF80A00012800F043
:10AC00009581002840F0E48540F2AC36C2F200069F
:10AC10003046F6F729FA0120F6F766FC3046F5F7DC
:10AC20006DFF40F2F434C2F2000405462046F6F708
:10AC30001BFA0120F6F758FC2046F5F75FFF0746A0
:10AC40003046F6F711FA0120F6F74EFC3046F5F7DC
:10AC500055FF441940F2F435C2F200052846F6F7D4
:10AC600003FA0120F6F740FC2846F5F747FFC5191F
:10AC70003046F6F7F9F90120F6F736FC3046F5F7DD
:10AC80003DFF40F2F437C2F2000704443846F6F7BD
:10AC9000EBF90120F6F728FC3846F5F72FFF0544BD
:10ACA0003046F6F7E1F90120F6F71EFC3046F5F7DD
:10ACB00025FF04443846F6F7D7F90120F6F714FCCF
:10ACC0003846F5F71BFF05443046F6F7CDF901206D
:10ACD000F6F70AFC3046F5F711FF04443846F6F75C
:10ACE000C3F90120F6F700FC3846F5F707FF0544E5
:10ACF0003046F6F7B9F90120F6F7F6FB3046F5F7DE
:10AD0000FDFE04443846F6F7AFF90120F6F7ECFBF8
:10AD10003846F5F7F3FE05443046F6F7A5F901206D
:10AD2000F6F7E2FB3046F5F7E9FE04443846F6F75D
:10AD30009BF90120F6F7D8FB3846F5F7DFFE05440E
:10AD40003046F6F791F90120F6F7CEFB3046F5F7DD
:10AD5000D5FE04443846F6F787F90120F6F7C4FB20
:10AD60003846F5F7CBFE2844C008E108ABF80E00E2
:10AD700040F20040ABF80C10C4F202001021012296
:10AD8000F6F7A4FC6420F6F7AFFB0A20F6F7ACFB5D
:10AD90005046F6F769F9002550460A21F6F7E4F81F
:10ADA0005046F5F7ABFE29F8150050460A21F6F794
:10ADB000DBF85046F5F7A2FE28F815000135322DD4
:10ADC000EAD1002031214FF0300C03E0023002398B
:10ADD000ACF1020CBDF87C30A0F12E02032A01D2A6
:10ADE000002724E0059E21F00305002736F8022CF9
:10ADF0000437934286BF26F8042C26F8023C1346FB
:10AE00003288934286BF26F8022C3380134672881C
:10AE1000934286BF328073801346B288934286BFC6
:10AE20007280B3801346BD4206F10806DED111F0F0
:10AE3000030621D07C1C39F81450AB4286BF29F898
:10AE4000175029F814302B46012E15D0BD1C39F8A7
:10AE50001520934286BF29F8142029F8153013468F
:10AE6000022E09D0033739F81760B34284BF29F89E
:10AE7000156029F8173000BF302800F03381BDF885
:10AE80007C30A0F12D02032A02D2002725E000BF6A
:10AE9000059E2CF00305002736F8022C0437934258
:10AEA00086BF26F8042C26F8023C134632889342CB
:10AEB00086BF26F8022C338013467288934286BFE1
:10AEC000328073801346B288934286BF7280B3800B
:10AED0001346BD4206F10806DED14A1E12F00306F3
:10AEE0003FF474AF7C1C39F81420934286BF29F8D4
:10AEF000172029F814301346012E3FF467AFBD1C0C
:10AF000039F81520934286BF29F8142029F8153006
:10AF10001346022E3FF45AAF033739F81760B34295
:10AF200084BF29F8156029F817304FE740F2004038
:10AF3000C4F20200102100220025F6F7C7FB6420AE
:10AF4000F6F7D2FA0A20F6F7CFFA5046F6F78CF861
:10AF500050460A21F6F708F85046F5F7CFFD29F8D4
:10AF6000150050460A21F5F7FFFF5046F5F7C6FDDC
:10AF700028F815000135322DEAD1002031214FF09B
:10AF8000300C03E002300239ACF1020CBDF87C3029
:10AF9000A0F12E02032A01D2002724E0059E21F011
:10AFA0000305002736F8022C0437934286BF26F8A3
:10AFB000042C26F8023C13463288934286BF26F8BA
:10AFC000022C338013467288934286BF328073808E
:10AFD0001346B288934286BF7280B3801346BD4247
:10AFE00006F10806DED111F0030621D07C1C39F8E9
:10AFF0001450AB4286BF29F8175029F814302B465D
:10B00000012E15D0BD1C39F81520934286BF29F8B2
:10B01000142029F815301346022E09D0033739F8C9
:10B020001760B34284BF29F8156029F8173000BFB4
:10B03000302800F00D81BDF87C30A0F12D02032AEC
:10B0400002D2002725E000BF059E2CF00305002753
:10B0500036F8022C0437934286BF26F8042C26F8D3
:10B06000023C13463288934286BF26F8022C338076
:10B0700013467288934286BF328073801346B2882B
:10B08000934286BF7280B3801346BD4206F1080624
:10B09000DED14A1E12F003063FF474AF7C1C39F86F
:10B0A0001420934286BF29F8172029F8143013463C
:10B0B000012E3FF467AFBD1C39F81520934286BFBF
:10B0C00029F8142029F815301346022E3FF45AAF00
:10B0D000033739F81760B34284BF29F8156029F89F
:10B0E00017304FE7002031214FF0300C04E000BF53
:10B0F00002300239ACF1020CBDF81830A0F12E027A
:10B10000032A01D2002724E0049E21F00305002732
:10B1100036F8022C0437934286BF26F8042C26F812
:10B12000023C13463288934286BF26F8022C3380B5
:10B1300013467288934286BF328073801346B2886A
:10B14000934286BF7280B3801346BD4206F1080663
:10B15000DED111F0030621D07C1C38F81450AB422C
:10B1600086BF28F8175028F814302B46012E15D02A
:10B17000BD1C38F81520934286BF28F8142028F803
:10B1800015301346022E09D0033738F81760B34242
:10B1900084BF28F8156028F8173000BF302800F069
:10B1A0000D81BDF81830A0F12D02032A02D200272C
:10B1B00025E000BF049E2CF00305002736F8022C82
:10B1C0000437934286BF26F8042C26F8023C134627
:10B1D0003288934286BF26F8022C33801346728849
:10B1E000934286BF328073801346B288934286BFF3
:10B1F0007280B3801346BD4206F10806DED14A1EB6
:10B2000012F003063FF474AF7C1C38F8142093420C
:10B2100086BF28F8172028F814301346012E3FF473
:10B2200067AFBD1C38F81520934286BF28F814205C
:10B2300028F815301346022E3FF45AAF033738F87A
:10B240001760B34284BF28F8156028F817304FE71D
:10B25000002031214FF0300C04E000BF02300239F1
:10B26000ACF1020CBDF81830A0F12E02032A01D275
:10B27000002724E0049D21F00306002735F8022C66
:10B280000437934286BF25F8042C25F8023C134668
:10B290002A88934286BF25F8022C2B8013466A88A1
:10B2A000934286BF2A806B801346AA88934286BF4A
:10B2B0006A80AB801346BE4205F10805DED111F06D
:10B2C000030621D07C1C38F81450AB4286BF28F806
:10B2D000175028F814302B46012E15D0BD1C38F815
:10B2E0001520934286BF28F8142028F815301346FD
:10B2F000022E09D0033738F81760B34284BF28F80C
:10B30000156028F8173000BF302800F04381BDF8E1
:10B310001830A0F12D02032A02D2002725E000BF39
:10B32000049E2CF00305002736F8022C04379342C4
:10B3300086BF26F8042C26F8023C13463288934236
:10B3400086BF26F8022C338013467288934286BF4C
:10B35000328073801346B288934286BF7280B38076
:10B360001346BD4206F10806DED14A1E12F003065E
:10B370003FF474AF7C1C38F81420934286BF28F841
:10B38000172028F814301346012E3FF467AFBD1C78
:10B3900038F81520934286BF28F8142028F8153075
:10B3A0001346022E3FF45AAF033738F81760B34202
:10B3B00084BF28F8156028F817304FE7BDF82C1027
:10B3C000BDF82E30BDF89000BDF892201944BDF8AC
:10B3D00030301044BDF894201944BDF83230104488
:10B3E000BDF896201944BDF834301044BDF89820BB
:10B3F0001944BDF836301044BDF89A201944BDF800
:10B4000038301044BDF89C201944BDF83A3010443F
:10B41000BDF89E201944BDF83C301044BDF8A02072
:10B420001944BDF83E301044BDF8A2201944BDF8BF
:10B4300040301044BDF8A4201944BDF842301044F7
:10B44000BDF8A6201944BDF844301044BDF8A8202A
:10B450001944BDF846301044BDF8AA201944BDF87F
:10B4600048301044BDF8AC201944BDF84A301044AF
:10B47000BDF8AE201944BDF84C301044BDF8B020E2
:10B480001944BDF84E301044BDF8B2201944BDF83F
:10B4900050301044BDF8B4201944BDF85230104467
:10B4A000BDF8B6201944BDF854301044BDF8B8209A
:10B4B0001944BDF856301044BDF8BA201944BDF8FF
:10B4C00058301044BDF8BC201944BDF85A3010441F
:10B4D000BDF8BE201944BDF85C301044BDF8C02052
:10B4E0001944BDF85E301044BDF8C2201944BDF8BF
:10B4F00060301044BDF8C4201944BDF862301044D7
:10B50000BDF8C6201944BDF864301044BDF8C82009
:10B510001944BDF866301044BDF8CA20194448F6F5
:10B5200089031044C8F68803A0FB0302A1FB0301B2
:10B530000809ABF81600BBF80C00BBF80E10120996
:10B540008842B0EE4A0A4FF000054FF00104ABF814
:10B550003020ABF81020ABF8122010D91429B0EE2F
:10B560004A0A0CD9401A00EE101A01EE100AB8EE81
:10B57000400AB8EEC11A80EE010A20EE0D0A039FC0
:10B580008BED0D0A8BF80A409BF80000012800F0B3
:10B590000B810FE1BDF89010BDF89220BDF89430FA
:10B5A0000A44BDF896701A44BDF898303A44BDF884
:10B5B0009A701A44BDF89C303A44BDF89E701A4403
:10B5C000BDF8A0303A44BDF8A2701A44BDF8A430CA
:10B5D0003A44BDF8A6701A44BDF8A8303A44BDF804
:10B5E000AA701A44BDF8AC303A44BDF8AE701A44A3
:10B5F000BDF8B0303A44BDF8B2701A44BDF8B4306A
:10B600003A44BDF8B6701A44BDF8B8303A44BDF8B3
:10B61000BA701A44BDF8BC303A44BDF8BE701A4442
:10B62000BDF8C0303A44BDF8C2701A44BDF8C43009
:10B630003A44BDF8C6701A44BDF8C8303A44BDF863
:10B64000CA70BDF82C00BDF82E101A4448F68905C2
:10B650003A44C8F68805A2FB05320844BDF830100C
:10B66000BDF832300844BDF834101844BDF8363007
:10B670000844BDF838101844BDF83A300844BDF805
:10B680003C101844BDF83E300844BDF84010184442
:10B69000BDF842300844BDF844101844BDF84630A7
:10B6A0000844BDF848101844BDF84A300844BDF8B5
:10B6B0004C101844BDF84E300844BDF850101844E2
:10B6C000BDF852300844BDF854101844BDF8563047
:10B6D0000844BDF858101844BDF85A300844BDF865
:10B6E0005C101844BDF85E300844BDF86010184482
:10B6F000BDF862300844BDF864101844C2F30F135B
:10B70000BBF80E70BDF8666000EE103A0844B8EE63
:10B71000400A02EE107A304420EE091AB8EE422AAE
:10B72000A0FB050181EE021A10090909B0EE4A2AB0
:10B73000142BABF81800ABF81610ABF8140088BF48
:10B74000B0EE412AB0EE4A1A322F88BFB0EE421A4C
:10B75000BBF830108BED0F1A1F29B0EE4A1A4FF0CC
:10B76000000515D380B28142B0EE4A1A10D201EE24
:10B77000101AB8EE411A80EE010A30EE0B0A20EEE4
:10B780000C1AB5EE401AF1EE10FAB8BFB0EE4A1A34
:10B790000220039F8BED0E1A8BF80A00012400BFD4
:10B7A0009BF80000012805D19BF80400002818BF71
:10B7B000FDF7EAFC9BF8000002287FF4B5A89BF88F
:10B7C0000800002818BFFEF769F9FFF7ADB800BF01
:10B7D000FDF7BAFA64208BF80A50F5F785FE9BF85E
:10B7E00000000128E0D0E5E70FB4054B10B503A930
:10B7F000044A029800F018F810BC5DF814FB000031
:10B8000029A800080000002002E008C8121F08C193
:10B81000002AFAD170477047002001E001C1121FD1
:10B82000002AFBD1704700002DE9FF4F8DB09B46E9
:10B830000F460446002606E025280BD05A460F99ED
:10B840009047641C761C20780028F5D111B0304652
:10B85000BDE8F08F0025A8460122984900E0054385
:10B8600014F8013F203B02FA03F00842F7D1207898
:10B870002E2817D114F8010F45F004052A280ED000
:10B880006FF02F022078A0F1300109290AD808EBC7
:10B89000880102EB410100EB0108641CF2E757F854
:10B8A000048B641C20786C280DD004DC4C2812D04A
:10B8B0006A2811D104E074280DD07A280CD10AE04E
:10B8C00045F4001507E0617845F48015814202D106
:10B8D000641C05F58015641C2278692A45D008DCB3
:10B8E000002AB3D0582A69D0632A10D0642A08D11C
:10B8F0003BE0702A67D0732A13D0752A5CD0782A6F
:10B900005CD010465A460F999047761CD3E017F842
:10B91000040B8DF8000000208DF80100E94601209D
:10B9200003E057F8049B4FF0FF3069074FF0000524
:10B9300001D40AE06D1C45450DDA8542FADB19F8A1
:10B9400005100029F6D106E06D1C8542FCDB19F8D4
:10B9500005100029F8D12E4404E019F8010B5A46CD
:10B960000F9990476D1EF8D2A5E00A200021CDE97D
:10B970000801C5F3025002280DD001CFC117031EE4
:10B9800071F100030DDA4FF0000CD0EB0C006CEB02
:10B9900001012D2308E0FF1D27F00707F7E802014A
:10B9A000EDE72B0504D52B238DF8283001233BE050
:10B9B000EB0739D02023F7E70A2000E01020002110
:10B9C000CDE9080107E01020002145F00405CDE98C
:10B9D00008014FF00808C5F3025002280FD001CF2C
:10B9E00000214FF0000A2B071FD5702A0DD0DDE98A
:10B9F00008C38CF0100C5CEA030C0CD015E0FF1DA2
:10BA000027F00707F7E80201EBE740228DF828202E
:10BA10004FF0010A0BE050EA010306D030238DF805
:10BA200028308DF8292002239A46582A04D024A2CF
:10BA30000DF120090B9209E026A2F9E7DDE90823C0
:10BA4000F4F7BEFB0B9B9B5C09F8013D50EA010239
:10BA5000F4D1ADEB090020300890680701D44FF015
:10BA600001080899884502DDA8EB010000E00020EC
:10BA70008046002506E00AA85A46405D0F99904787
:10BA80006D1C761C5545F6DB04E030205A460F99B4
:10BA90009047761CB8F10001A8F10108F5DC05E03B
:10BAA00019F8010B5A460F999047761C0899481EC1
:10BAB00008900029F4DC641CC5E600000928010098
:10BAC0003031323334353637383961626364656614
:10BAD00000000000303132333435363738394142D6
:10BAE000434445460000000080004000C0002000A4
:10BAF0006000A000E0000000000000000000010263
:10BB00000304060708090000000001020304E0071F
:10BB100000F81F000000000000000000000000000E
:10BB2000000000003F400000000000000000300066
:10BB3000400030004000000009000BC03D000BC079
:10BB40003D00090018C024407FE022403180000001
:10BB5000180024C01B000D803240018003801C406F
:10BB600027401C80074000401000600000000000DB
:10BB7000000000000000000000001F802040402066
:10BB80000000402020401F80000000000900060047
:10BB90001F80060009000000040004003F8004002C
:10BBA0000400000000100060000000000000000021
:10BBB0000400040004000400040000000000004031
:10BBC0000000000000000000002001C00600380056
:10BBD000400000001F802040204020401F800000C7
:10BBE000000010403FC000400000000018C021408D
:10BBF000224024401840000010802040244024406F
:10BC00001B80000002000D0011003FC00140000039
:10BC10003C80244024402440238000001F80244096
:10BC200024403440038000003000200027C038004A
:10BC3000200000001B802440244024401B80000082
:10BC40001C0022C0224022401F8000000000000093
:10BC50000840000000000000000000000460000038
:10BC600000000000000004000A0011002080404095
:10BC70000900090009000900090000000000404017
:10BC8000208011000A000400180020002340240036
:10BC9000180000001F802040274029401F4000005E
:10BCA000004007C039000F0001C0004020403FC0E5
:10BCB000244024401B8000001F8020402040204062
:10BCC0003080000020403FC0204020401F80000006
:10BCD00020403FC024402E4030C0000020403FC0E4
:10BCE00024402E00300000000F0010802040224031
:10BCF0003380020020403FC0040004003FC02040C9
:10BD0000204020403FC02040204000000060202014
:10BD100020203FC02000200020403FC024400B00D6
:10BD200030C0204020403FC020400040004000C0C4
:10BD30003FC03C0003C03C003FC0000020403FC06B
:10BD40000C4023003FC020001F80204020402040A6
:10BD50001F80000020403FC0244024001800000045
:10BD60001F802140214020E01FA0000020403FC054
:10BD70002440260019C0004018C02440244022401E
:10BD800031800000300020403FC0204030000000E3
:10BD900020003F80004000403F80200020003E0007
:10BDA00001C0070038002000380007C03C0007C071
:10BDB00038000000204039C0060039C02040000093
:10BDC0002000384007C0384020000000304021C02B
:10BDD0002640384020C00000000000007FE04020E6
:10BDE00040200000000070000C00038000400000B4
:10BDF0000000402040207FE0000000000000200004
:10BE00004000200000000000001000100010001092
:10BE100000100010000000004000000000000000C2
:10BE2000000002800540054003C0004020003FC0E4
:10BE300004400440038000000000038004400440EC
:10BE40000640000000000380044024403FC0004042
:10BE5000000003800540054003400000000004404E
:10BE60001FC0244024402000000002E0055005507F
:10BE70000650042020403FC00440040003C000409E
:10BE80000000044027C00040000000000010001027
:10BE9000041027E00000000020403FC001400700E0
:10BEA00004C00440204020403FC00040004000004B
:10BEB00007C0040007C0040003C00000044007C01E
:10BEC0000440040003C0004000000380044004401C
:10BED00003800000041007F00450044003800000B9
:10BEE000000003800440045007F00010044007C025
:10BEF0000240040004000000000006400540054028
:10BF000004C00000000004001F8004400040000046
:10BF1000040007800040044007C000400400070000
:10BF200004C0018006000400060001C0070001C033
:10BF300006000000044006C0010006C004400000E6
:10BF40000410071004E00180060004000000044013
:10BF500005C00640044000000000000004007BE033
:10BF600040200000000000000000FFF00000000082
:10BF7000000040207BE00400000000004000800042
:10BF800040002000200040000000000000000000F1
:10BF900000000000000000000000000000001FCCB6
:10BFA000000C0000000000000000080030006000ED
:10BFB0000800300060000000022003FC1E20022068
:10BFC00003FC1E200220000000000E1811043FFF99
:10BFD00010840C78000000000F0010840F3800C09F
:10BFE000077818840078000000780F8410C41124AA
:10BFF0000E9800E40084000808006800700000004B
:10C00000000000000000000000000000000007E049
:10C0100018182004400200000000400220041818F4
:10C0200007E00000000000000240024001800FF025
:10C0300001800240024000000080008000800FF874
:10C0400000800080008000000001000D000E000054
:10C050000000000000000000000000800080008060
:10C0600000800080008000800000000C000C0000B8
:10C070000000000000000000000000060018006042
:10C080000180060018002000000007F008081004D6
:10C090001004080807F000000000080408041FFC52
:10C0A000000400040000000000000E0C1014102416
:10C0B000104411840E0C000000000C181004110430
:10C0C000110412880C700000000000E0032004241A
:10C0D00008241FFC0024000000001F981084110495
:10C0E0001104108810700000000007F00888110487
:10C0F000110418880070000000001C00100010FCE3
:10C1000013001C001000000000000E3811441084C1
:10C11000108411440E38000000000700088C104401
:10C120001044088807F00000000000000000030C25
:10C13000030C0000000000000000000000010106E8
:10C14000000000000000000000000080014002200C
:10C15000041008081004000002200220022002201F
:10C160000220022002200000000010040808041031
:10C17000022001400080000000000E001200100CA0
:10C18000106C10800F00000003E00C1813E414245E
:10C1900017C4082807D000000004003C03C41C405A
:10C1A000074000E4001C000410041FFC11041104EB
:10C1B00011040E880070000003E00C181004100435
:10C1C000100410081C10000010041FFC10041004C0
:10C1D0001004080807F0000010041FFC11041104EB
:10C1E00017C410040818000010041FFC11041100EB
:10C1F00017C010000800000003E00C181004100421
:10C2000010441C780040000010041FFC10840080C3
:10C21000008010841FFC10040000100410041FFC98
:10C2200010041004000000000003000110011001C0
:10C230001FFE10001000000010041FFC11040380FA
:10C240001464181C1004000010041FFC10040004E7
:10C2500000040004000C000010041FFC1F0000FC80
:10C260001F001FFC1004000010041FFC0C0403003E
:10C2700000E010181FFC100007F00808100410045C
:10C280001004080807F0000010041FFC1084108040
:10C29000108010800F00000007F0081810241024F0
:10C2A000101C080A07F2000010041FFC1104110002
:10C2B00011C011300E0C000400000E1C110410847B
:10C2C000108410441C3800001800100010041FFCDB
:10C2D000100410001800000010001FF810040004E3
:10C2E000000410041FF8100010001E0011E0001CD4
:10C2F000007013801C0010001FC0103C00E01F00E5
:10C3000000E0103C1FC000001004180C163401C0DF
:10C3100001C01634180C100410001C00130400FC9B
:10C3200013041C00100000000804101C106410848A
:10C3300013041C04101800000000000000007FFE21
:10C340004002400240020000000030000C00038068
:10C350000060001C00030000000040024002400298
:10C360007FFE0000000000000000000020004000F0
:10C370004000400020000000000100010001000119
:10C380000001000100010001000040004000200009
:10C39000000000000000000000000098012401449B
:10C3A0000144014400FC000410001FFC008801044B
:10C3B0000104008800700000000000700088010483
:10C3C00001040104008800000000007000880104DE
:10C3D000010411081FFC0004000000F8014401449E
:10C3E0000144014400C800000000010401040FFCE6
:10C3F0001104110411001800000000D601290129C0
:10C40000012901C90106000010041FFC008401007D
:10C410000100010400FC000400000104190419FCDF
:10C4200000040004000000000000000300010101FE
:10C43000190119FE0000000010041FFC0024004038
:10C4400001B4010C010400000000100410041FFCE2
:10C450000004000400000000010401FC01040100CC
:10C4600001FC0104010000FC010401FC0084010046
:10C470000100010400FC0004000000F801040104B4
:10C480000104010400F80000010101FF008501041E
:10C4900001040088007000000000007000880104A2
:10C4A0000104010501FF00010104010401FC0084F5
:10C4B0000104010001800000000000CC01240124DF
:10C4C000012401240198000000000100010007F888
:10C4D0000104010400000000010001F80004000450
:10C4E0000004010801FC0004010001800170000C3F
:10C4F000001001600180010001F0010C003001C05A
:10C500000030010C01F0010000000104018C0074F6
:10C510000170018C01040000010101810171000E14
:10C52000001801600180010000000184010C013449
:10C5300001440184010C0000000000000000000024
:10C5400001003EFC4002400200000000000000002C
:10C55000FFFF0000000000000000400240023EFC1F
:10C56000010000000000000000006000800080006A
:10C5700040004000200020000000000000000000FB
:10C5800000000000000000000000000000000000AB
:10C59000000000000000000000000000000000009B
:10C5A00000000000000000000000000F80380FFEB7
:10C5B000380F80380000000000000000000000007C
:10C5C0000000000000000100000600000C00003820
:10C5D00000003100000600000C00003800003000B0
:10C5E000000000000000000061800067F807F9808B
:10C5F0000061800061800061800061800067F80751
:10C60000F98000618000000000000000000001C00F
:10C61000E003E0F00630080418081FFFFE040E08CF
:10C620000787F00381E000000000000001F0000631
:10C630000C00040408060C7001F9C0000E00003B59
:10C64000E000EC18070808040C180003E0000000E4
:10C650000001E00007F003F818041C08041708079D
:10C66000E1D003C0E00023B0003C08002008000037
:10C670001000000000000001000031000032000046
:10C680001C0000000000000000000000000000008E
:10C69000000000000000000000000000000000009A
:10C6A00000000000000000007F0001FFC00780F0D4
:10C6B0000C00181000042000020000000000002000
:10C6C00000021000040C00180780F001FFC0007F7A
:10C6D000000000000000000000000000000000005A
:10C6E000000000004200006600006600003C000000
:10C6F000180003FFC0001800003C00006600006640
:10C7000000004200000000000800000800000800CF
:10C7100000080000080001FFC00008000008000039
:10C7200008000008000008000000000000010000F0
:10C730003100003200001C0000000000000000007A
:10C7400000000000000000000000000000000000E9
:10C7500008000008000008000008000008000008A9
:10C7600000000800000800000800000800000000A9
:10C770000000000000000000380000380000380011
:10C7800000000000000000000000000000000000A9
:10C790000000000000000000000600001C00007007
:10C7A000000180000E0000380000C0000700001CDF
:10C7B0000000300000000000000000007F8001FF4A
:10C7C000E003807006001804000804000806001842
:10C7D00003807001FFE0007F800000000000000087
:10C7E000000001000801000801000803FFF807FF2E
:10C7F000F800000800000800000800000000000029
:10C8000000000001C03802C0580400980401180458
:10C810000218040418061C1803F81801E0F80000B8
:10C820000000000000000001C0E003C0F0040008A8
:10C8300004080804080806180803F41801E7F000C3
:10C8400001E0000000000000000000000300000DF7
:10C850000000110000610000810803010807FFF8D3
:10C860000FFFF800010800010800000000000000B0
:10C8700000E007FCD006080806100806100806109D
:10C8800008061838060FF00607C000000000000078
:10C89000000000003F8001FFE0038430020818041C
:10C8A0001008041008041008071810030FF0000700
:10C8B000C000000000000000000003C000070000EE
:10C8C0000600000600F80607F806180006E0000754
:10C8D000000006000000000000000001E1E003F796
:10C8E000F0063410041808041808040C08040C0896
:10C8F00006161803F3F001C1E0000000000000007C
:10C90000F80003FC3003063804020804020804029D
:10C91000080404100308F001FFC0007F00000000BD
:10C920000000000000000000000000000000000007
:10C9300070380070380070380000000000000000FF
:10C9400000000000000000000000000000000000E7
:10C9500000000000301A00301C0000000000000041
:10C9600000000000000000000000000000000008BF
:10C9700000001400002200004100008080010040FF
:10C980000200200400100800080000000000000061
:10C9900021000021000021000021000021000021D1
:10C9A0000000210000210000210000210000000003
:10C9B0000000000000000800080400100200200130
:10C9C00000400080800041000022000014000008A8
:10C9D0000000000000000003C00004C000040000CC
:10C9E000080038080F380808380810000C30000715
:10C9F000E00003C000000000000000003F8000FFD6
:10CA0000E0038070020F1006708804C08804830859
:10CA1000047F8802C09003012000FE40000008004F
:10CA200000180001F8003E0801C20007020007E2FA
:10CA30000000FE00001FC80001F8000038000008D8
:10CA400004000807FFF807FFF804080804080804B2
:10CA5000080804080806180803F41801E7F00001A4
:10CA6000E0000000000000003F8001FFE003807054
:10CA7000020018040008040008040008040010065E
:10CA800000200780C000000004000807FFF807FF2F
:10CA9000F80400080400080400080400180200104C
:10CAA00003807001FFE0007F8000000004000807A1
:10CAB000FFF807FFF8040808040808040808040839
:10CAC00008043E0804000806001801006000000089
:10CAD00004000807FFF807FFF8040808040800042A
:10CAE0000800040800043E00060000060000018063
:10CAF00000000000000000003F8001FFE0038070A4
:10CB00000600180400080402080402080203F007E3
:10CB100083F000020000020004000807FFF807FF8E
:10CB2000F8040808000800000800000800000800D9
:10CB300004080807FFF807FFF804000800000000D9
:10CB4000000004000804000804000807FFF807FFBD
:10CB5000F8040008040008040008000000000000B9
:10CB600000000000000600000700000104000104AE
:10CB7000000104000307FFFE07FFFC04000004009F
:10CB80000004000004000807FFF807FFF8040C0881
:10CB9000001800003E0004C7800503C80600F80422
:10CBA000003804001800000804000807FFF807FF19
:10CBB000F804000800000800000800000800000851
:10CBC00000000800001800006000000004000807D2
:10CBD000FFF807800807FC00007FC00003F800078B
:10CBE000C000780007800807FFF807FFF804000876
:10CBF00004000807FFF807000803C00000E0000079
:10CC00003800001E000007000001C00400F007FF0C
:10CC1000F8040000000000007F8001FFE003807046
:10CC2000060018040008040008060018030030017C
:10CC3000FFE0007F8000000004000807FFF807FF06
:10CC4000F8040408040400040400040400040400BC
:10CC5000060C0003F80001F00000000000000000D6
:10CC60007F8001FFE00380700600880400880400D4
:10CC7000C806003C03003E01FFE6007F8400000080
:10CC800004000807FFF807FFF80408080408000478
:10CC90000C00040F00040BC00610F003F03801E094
:10CCA0000800000800000001E0F803F03006301032
:10CCB000041808041808040C08040C0802061802DA
:10CCC00007F00781E000000001800006000004007A
:10CCD0000004000004000807FFF807FFF80400083C
:10CCE00004000004000006000001800004000007AA
:10CCF000FFE007FFF0040018000008000008000033
:10CD00000800000800000804001007FFE00400000D
:10CD100004000006000007E00007FE00041FE0001A
:10CD200001F80000380001E0043E0007C0000600E2
:10CD30000004000004000007E00007FFC0041FF823
:10CD40000007C007F80007FF80043FF80007C00491
:10CD5000F8000700000400000000000400080600BE
:10CD60001807C07805F1C8003E00001F800463E882
:10CD70000780F80600180400080000000400000600
:10CD8000000007800007E008047C08001FF8000787
:10CD9000F800180804E0080700000600000400007E
:10CDA0000000000100080600380400F80403E8044D
:10CDB0000F08047C0805F00807C0080700180400E5
:10CDC0006000000000000000000000000000000003
:10CDD0000000003FFFFE2000022000022000022091
:10CDE0000002200002000000000000000000080017
:10CDF0000007000000C0000038000006000001C06D
:10CE000000003000000E00000100000000000000E3
:10CE1000000020000220000220000220000220006A
:10CE2000023FFFFE000000000000000000000000C4
:10CE300000000000000000000008000010000030AA
:10CE4000000020000030000010000008000000007A
:10CE500000000000000001000001000001000001CE
:10CE600000000100000100000100000100000100BD
:10CE700000010000010000010000000000000000AF
:10CE80000020000020000010000010000000000042
:10CE90000000000000000000000000000000000092
:10CEA00000F00019F8001B180022080026080024D2
:10CEB00008002410003FF8001FF8000008000018C8
:10CEC00000000004000007FFF80FFFF00018180032
:10CED0001008002008002008003018001FF0000F84
:10CEE000C00000000000000007C0001FF000183064
:10CEF000002008002008002008003C08001C10004A
:10CF000000600000000000000000000007C0001FDB
:10CF1000F000381800200800200800200804101035
:10CF200007FFF80FFFF000001000000000000000F5
:10CF300000000007C0001FF000123000221800227D
:10CF400008002208003208001E10000E2000000019
:10CF500000000000200000200800200801FFF80366
:10CF6000FFF806200804200804200807200003001A
:10CF70000000000000000000000E000E6E001FF315
:10CF80000031B10020B10020B1003191001F130029
:10CF90002E1E00200E00300000000004000807FFD5
:10CFA000F80FFFF800100800200000200000200803
:10CFB000003FF8001FF8000008000000000000001B
:10CFC0000000002008002008002008063FF8063F67
:10CFD000F800000800000800000800000000000041
:10CFE000000000000000000003000003002001001A
:10CFF0002001002003063FFE063FFC000000000069
:10D000000000000000000004000807FFF80FFFF810
:10D01000000188000300002FC00038F8002038000D
:10D0200020080000080000000000000000000400CC
:10D030000804000804000807FFF80FFFF8000008C4
:10D0400000000800000800000000000000200800A8
:10D050003FF8003FF8001008002000003FF8003FB4
:10D06000F8001008002000003FF8003FF80000081A
:10D07000000000002008003FF8003FF80010080002
:10D080001000002000002008003FF8001FF80000FA
:10D09000080000000000000007C0000FF00018307A
:10D0A0000030080020080020080030080018300078
:10D0B0000FF00007C0000000000000002001003F4A
:10D0C000FF003FFF00101100200900200800200889
:10D0D000003038001FF0000FC0000000000000000A
:10D0E00007C0001FF00038180020080020080020AA
:10D0F00009001011001FFF003FFF000001000000A9
:10D10000002008002008002008003FF8003FF80039
:10D11000080800100800200800200000300000303F
:10D1200000000000000000000000000C78001E1845
:10D1300000330800230800210800218800219800FE
:10D1400030F00038600000000000000020000020E7
:10D150000000200000FFF003FFF800200800200876
:10D160000020080000300000000000000000000067
:10D170002000003FF0007FF80000180000080000C9
:10D1800008002010003FF8007FF0000010000000B1
:10D19000000000002000003000003C00003F800044
:10D1A00023F0000078000070002380003C00003075
:10D1B00000002000002000003C00003FE00023F8B9
:10D1C0000000E0002700003E00003FE00021F800E2
:10D1D00001E0003E000020000000000020080020C8
:10D1E00008003838003E680027800003C8002CF88B
:10D1F000003838002018002008000000000000005F
:10D200002000003003003C01003F830023EC0000BD
:10D2100070002380003C000020000020000000007F
:10D220000000000000000038080020380020F8004E
:10D2300023E8002F88003E0800380800201800006E
:10D24000700000000000000000000000000000006E
:10D250000000000008000014001FF7FC300006204A
:10D2600000020000000000000000000000000000BC
:10D2700000000000000000000000FFFFFF000000B1
:10D28000000000000000000000000000000000009E
:10D2900000002000023000061FF7FC001400000808
:10D2A000000000000000000000000000000000007E
:10D2B0000000001800006000004000004000002056
:10D2C00000001000000800000400000400000C0032
:10D2D0000010000000061016000610161FD30008EC
:10D2E00027D30008F0D20008202020202020200092
:10D2F0004F50454E200052554E200025002D2D2D1B
:10D30000002E00414443313A00414443323A004147
:10D3100044433361633A004144433364633A004F0A
:10D320004B0053544F500053484F5254004B6579B3
:10D33000303A4368616E676520204B65795F5550D0
:10D340003A53746172742F53746F70006B487A0093
:10D3500070D30008000000202800000008B8000872
:10D3600098D3000828000020180A000018B8000808
:10D37000000000000100000010000000FFFF00009E
:10D380000024F400000000003A8C30E28E79254041
:08D39000010000000000000094
:040000050800018965
:00000001FF
